INSERT INTO VOO (IdVoo, Numero, Companhia_Aerea, Nome_Aeroporto_Origem, Nome_Aeroporto_Destino, Data_Hora_Saida, Data_Hora_Chegada) VALUES
(0, 'FI3230', 'Dynazzy', 'Awassa Airport', 'El Tor Airport', '1904-11-04 01:54:27', '2086-03-21 09:12:36'),
(1, '4C1465', 'Wikido', 'Gisborne Airport', 'Vangaindrano Airport', '1932-03-02 19:03:21', '1988-12-12 01:45:34'),
(2, 'BW3750', 'Centizu', 'Kornasoren Airfield', 'Orléans-Bricy (BA 123) Air Base', '1937-08-21 14:14:22', '1984-08-11 05:26:19'),
(3, 'NZ2699', 'Brainlounge', 'Thakhek Airport', 'Rzhevka Airport', '1923-10-05 15:06:13', '2008-05-01 21:24:26'),
(4, 'A55363', 'Gigashots', 'Jalalabad Airport', 'St Mary''s Airport', '2058-06-15 04:30:41', '2008-04-05 05:32:48'),
(5, 'O03668', 'Kazio', 'Bordeaux-Mérignac Airport', 'Jilin Airport', '1922-10-22 00:58:21', '2039-05-23 22:41:19'),
(6, 'BS2287', 'Wikivu', 'Ban Huoeisay Airport', 'Pan Am Building Heliport', '1983-12-09 08:25:29', '1909-01-21 03:11:32'),
(7, 'TJ2203', 'Skyble', 'Woja Airport', 'Imonda Airport', '2015-02-06 18:50:22', '1953-05-31 08:01:04'),
(8, 'ZX6276', 'Browsetype', 'Bamarni Airport', 'Tokachi-Obihiro Airport', '1944-08-20 09:01:14', '1911-07-18 08:19:19'),
(9, 'NL6297', 'Yoveo', 'Sydney Bankstown Airport', 'Sam Neua Airport', '2014-04-28 14:18:17', '2034-10-31 06:18:23'),
(10, 'VJ0939', 'Quamba', 'Sidi Barrani Airport', 'Taganrog Yuzhny Airport', '2000-12-08 13:26:30', '2091-03-10 06:37:13'),
(11, 'LE4105', 'Wordify', 'Green River Municipal Airport', 'Muskrat Dam Airport', '1910-03-11 12:25:45', '1943-04-25 00:11:57'),
(12, 'ZX2595', 'Brightdog', 'Mason County Airport', 'Komodo Airport', '2049-06-03 07:08:15', '2008-09-22 04:42:38'),
(13, 'O47976', 'Eamia', 'Katukurunda Air Force Base', 'Obock Airport', '2046-06-27 17:41:28', '1955-07-05 06:20:24'),
(14, 'YO8930', 'Wikivu', 'Phifer Airfield', 'Bultfontein Airport', '2066-03-29 15:08:49', '2086-08-09 12:07:20'),
(15, 'P54095', 'Riffpedia', 'Brindisi – Salento Airport', 'Herrera Airport', '2011-12-13 17:58:38', '1907-07-02 17:26:48'),
(16, 'FG4243', 'Kayveo', 'Fianarantsoa Airport', 'Urrao Airport', '2067-08-01 00:48:25', '1949-08-17 10:24:15'),
(17, 'GM7143', 'Skivee', 'Katsina Airport', 'Sonari Airport', '2080-06-03 03:46:33', '1902-08-02 09:25:13'),
(18, 'F28525', 'Flashdog', 'Parachinar Airport', 'Lutsk Airport', '2089-10-17 11:14:58', '1974-06-10 08:05:49'),
(19, '9I0674', 'Tazzy', 'Ilu Airport', 'Avu Avu Airport', '1941-11-27 04:55:39', '1918-07-09 18:47:13'),
(20, 'ZP1217', 'Twitterbridge', 'Minangkabau International Airport', 'Raleigh Durham International Airport', '2026-03-25 04:37:36', '1998-02-24 06:35:15'),
(21, '830647', 'Voonyx', 'Heraklion International Nikos Kazantzakis Airport', 'Eugenio Maria De Hostos Airport', '1905-05-07 01:18:45', '1957-01-17 10:25:57'),
(22, '6R7507', 'Feedbug', 'Kipnuk Airport', 'Koltsovo Airport', '2040-02-04 23:12:03', '1986-12-26 03:09:57'),
(23, 'XQ2510', 'Dabfeed', 'Cardiff International Airport', 'Chinggis Khaan International Airport', '1938-07-04 16:19:02', '2085-06-16 09:10:25'),
(24, 'RU5696', 'Yombu', 'Angoram Airport', 'Thorshofn Airport', '2055-02-06 05:05:46', '1993-04-07 02:24:47'),
(25, 'V10895', 'Quamba', 'Shakhtyorsk Airport', 'Huntingburg Airport', '2005-04-06 04:56:12', '2004-03-08 05:18:11'),
(26, '0P7670', 'Kanoodle', 'Gebe Airport', 'Angama Airport', '1998-05-28 12:19:11', '2098-11-16 07:32:47'),
(27, '507074', 'Flipbug', 'Tununak Airport', 'Grand Lake Regional Airport', '1961-12-03 20:48:18', '1904-02-13 06:47:30'),
(28, 'XS3543', 'Quamba', 'E. T. Joshua Airport', 'Fremont County Airport', '1907-06-29 12:43:15', '2012-11-23 09:41:03'),
(29, 'ZT9543', 'Wikizz', 'Payam International Airport', 'Jindabyne Airport', '2093-07-03 05:31:07', '1933-08-28 11:08:12'),
(30, 'N38896', 'Quinu', 'Downtown-Manhattan/Wall St Heliport', 'Nenana Municipal Airport', '1946-10-18 23:22:06', '2057-11-17 17:47:44'),
(31, 'YW7013', 'Ailane', 'Clermont-Ferrand Auvergne Airport', 'Bachigualato Federal International Airport', '2065-02-16 19:14:43', '2070-02-15 01:15:20'),
(32, 'DK1051', 'Muxo', 'Marcos A. Gelabert International Airport', 'Carutapera Airport', '1972-04-02 10:44:44', '1972-03-01 15:49:27'),
(33, '5C5198', 'Flipstorm', 'Casco Cove Coast Guard Station', 'Mareb Airport', '1948-01-18 20:15:02', '1962-04-23 05:37:00'),
(34, 'SB6853', 'Yadel', 'Bouaké Airport', 'Drayton Valley Industrial Airport', '2045-05-01 02:25:59', '1929-05-06 06:51:30'),
(35, 'Q82347', 'Voonte', 'Oulu Airport', 'Betoota Airport', '2041-12-28 15:09:25', '1990-09-14 11:04:07'),
(36, 'KS3608', 'Browsecat', 'Kagi Airport', 'RAF Leuchars', '1946-04-26 04:03:52', '1936-06-24 00:08:12'),
(37, 'ZS6491', 'Miboo', 'Hyvinkää Airfield', 'Ticantiki Airport', '1946-07-08 04:49:45', '2056-09-11 08:02:46'),
(38, 'VK3578', 'Flashdog', 'Huron Regional Airport', 'Juína Airport', '2091-07-07 12:20:07', '1932-03-22 21:01:24'),
(39, 'OJ0188', 'Myworks', 'Grand Lake Regional Airport', 'Aratika Nord Airport', '1972-01-19 15:25:46', '2008-08-21 17:25:04'),
(40, 'C15663', 'Feedbug', 'Pope Field', 'Saint-Laurent-du-Maroni Airport', '2034-01-25 03:50:24', '2024-01-04 23:19:40'),
(41, 'ZY1978', 'Janyx', 'Beatty Airport', 'Iconi Airport', '2010-05-20 23:50:12', '2006-04-26 09:18:51'),
(42, 'AX2106', 'Zoonder', 'Nelson Airport', 'Paraguaçu Airport', '2038-07-10 04:50:18', '1952-08-26 23:45:21'),
(43, 'XF2245', 'Meevee', 'Negarbo(Negabo) Airport', 'RAF Alconbury', '2095-06-05 21:55:15', '1989-12-11 04:05:27'),
(44, 'RS1737', 'Jabbercube', 'Einasleigh Airport', 'W. H. Bramble Airport', '2061-09-25 06:40:37', '1951-06-25 19:31:09'),
(45, 'O12423', 'Oyoyo', 'Minvoul Airport', 'Wiseman Airport', '2056-02-15 20:57:15', '1900-05-08 00:09:55'),
(46, '983041', 'Blogtags', 'Mungeranie Airport', 'María Dolores Airport', '2088-03-21 22:06:15', '1941-12-03 16:53:36'),
(47, 'B13295', 'Gabtune', 'Yiwu Airport', 'Branson Airport', '2057-09-24 03:53:05', '2055-11-16 10:30:05'),
(48, 'GT1584', 'Skyndu', 'Wabag Airport', 'Lac La Biche Airport', '2070-10-04 08:44:57', '1994-12-26 21:39:13'),
(49, 'A73482', 'Mybuzz', 'Noumérat - Moufdi Zakaria Airport', 'St. Anthony Airport', '2044-08-19 18:08:52', '2086-11-18 07:52:24'),
(50, 'MT7845', 'Bubblemix', 'Zabré Airport', 'Roi Et Airport', '2098-03-18 21:32:01', '2028-01-25 00:10:15'),
(51, '6J4659', 'Wikizz', 'El Alamein International Airport', 'Presidente Itamar Franco Airport', '2044-05-30 23:02:02', '2056-06-27 09:24:33'),
(52, '8L0301', 'Mymm', 'Faya Largeau Airport', 'Kars Airport', '2037-05-04 12:57:36', '1981-01-04 06:24:55'),
(53, '0D2844', 'Mita', 'Galcaio Airport', 'Coronel Enrique Soto Cano Air Base', '2004-03-17 21:29:54', '1992-07-16 02:47:51'),
(54, 'AA5032', 'Realbuzz', 'Rankin Inlet Airport', 'Nueva Guinea Airport', '2097-02-28 13:42:59', '1933-03-18 00:47:34'),
(55, '1A8913', 'Trudoo', 'Rewa Airport, Chorhata, REWA', 'Gulgubip Airport', '2070-07-02 07:36:33', '1997-12-06 15:43:29'),
(56, '6D5076', 'Camimbo', 'Sumbawanga Airport', 'Hayfields Airport', '1918-12-10 17:09:14', '2056-06-14 06:59:12'),
(57, 'FS9496', 'Photobug', 'Simenti Airport', 'Marseille Provence Airport', '1956-03-24 17:22:53', '1991-01-02 11:53:20'),
(58, 'H19854', 'Oyoba', 'Poplar Bluff Municipal Airport', 'Kindu Airport', '1904-02-10 20:47:13', '1997-11-11 14:32:00'),
(59, 'C07772', 'Brightdog', 'Lakeba Island Airport', 'Guilin Liangjiang International Airport', '2027-03-02 20:38:38', '2071-10-03 19:31:09'),
(60, 'UK5161', 'Fanoodle', 'Patrocínio Airport', 'Winisk Airport', '1957-10-02 22:11:22', '2097-08-17 23:45:16'),
(61, '4Y9835', 'Meemm', 'Bourges Airport', 'Hrodna Airport', '2029-09-15 05:50:44', '2049-12-01 18:35:37'),
(62, 'H58496', 'Oodoo', 'El Borma Airport', 'Centralia / James T. Field Memorial Aerodrome', '2028-03-02 07:57:55', '2028-06-26 01:04:06'),
(63, 'NP1837', 'Jaxnation', 'Sioux Gateway Col. Bud Day Field', 'Coconut Island Airport', '1980-11-13 08:43:12', '1951-08-13 09:06:40'),
(64, 'IA5314', 'Cogidoo', 'Haycock Airport', 'Mariana Grajales Airport', '1918-10-12 20:02:06', '2096-08-10 20:46:00'),
(65, 'DO6761', 'Twinte', 'L''Aquila–Preturo Airport', 'Don Mueang International Airport', '1939-12-24 04:07:59', '2040-03-21 15:29:52'),
(66, 'T71347', 'Topiczoom', 'Rafaï Airport', 'Portimão Airport', '1962-12-15 09:01:02', '2067-09-22 10:04:23'),
(67, 'ZI2261', 'Twitterworks', 'Rumjatar Airport', 'Hotel Transamérica Airport', '1929-02-22 13:45:09', '1943-12-06 03:32:19'),
(68, 'Q68985', 'Tavu', 'Lady Elliot Island Airstrip', 'Capurganá Airport', '1984-02-13 22:22:22', '1961-11-23 13:44:26'),
(69, '6M7630', 'Gabcube', 'Siwea Airport', 'Belo sur Tsiribihina Airport', '2046-04-19 03:32:18', '2097-06-01 19:28:11'),
(70, 'TP1749', 'Babblestorm', 'Barinas Airport', 'Pattaya Airpark', '1902-08-31 00:10:20', '2034-11-13 16:24:01'),
(71, '3P0027', 'Livetube', 'Abeid Amani Karume International Airport', 'Natuashish Airport', '2068-10-03 22:36:39', '2035-04-29 22:20:23'),
(72, 'PJ8567', 'Bluezoom', 'Kikori Airport', 'Easterwood Field', '1960-01-06 01:31:44', '1976-05-17 20:37:22'),
(73, 'US8195', 'Trilith', 'Naxos Airport', 'Tibooburra Airport', '2043-02-28 05:32:23', '1912-05-20 21:55:57'),
(74, '9M7601', 'Dabvine', 'Wycombe Air Park', 'Dera Ismael Khan Airport', '1927-08-31 08:59:01', '1973-10-29 13:35:14'),
(75, 'WO7679', 'Avaveo', 'Tangará da Serra Airport', 'Norman Wells Airport', '2023-09-21 21:04:20', '2059-05-27 15:27:29'),
(76, '7J7132', 'Skippad', 'Ørsta-Volda Airport, Hovden', 'Vredendal Airport', '2007-01-23 01:37:52', '1971-05-19 04:50:21'),
(77, '8W5323', 'Thoughtstorm', 'Halali Airport', 'Barrow Walney Island Airport', '2047-09-28 21:03:29', '2018-02-27 08:04:46'),
(78, 'P20879', 'Shuffletag', 'Meghauli Airport', 'Cairo West Airport', '1957-12-31 00:48:33', '1993-10-11 16:39:22'),
(79, 'PN7567', 'Rhybox', 'Ras Al Khaimah International Airport', 'Akwa Ibom International Airport', '2016-02-29 09:49:45', '2085-05-26 10:34:17'),
(80, '6L5920', 'Skyndu', 'John Glenn Columbus International Airport', 'Angoon Seaplane Base', '1986-05-26 13:39:30', '1989-01-24 18:37:10'),
(81, 'NM6596', 'Realblab', 'Saurimo Airport', 'Kenema Airport', '1936-05-01 02:55:40', '2088-07-11 06:20:44'),
(82, 'YT7612', 'Riffpedia', 'Richmond Airport', 'Stockholm-Bromma Airport', '2049-07-24 14:48:43', '2021-03-29 09:53:35'),
(83, 'AH5452', 'Izio', 'Dwangwa Airport', 'L.F. Wade International International Airport', '2060-05-18 05:26:47', '2053-03-09 00:17:58'),
(84, 'Q57567', 'Trilith', 'Porgera Airport', 'Concórdia Airport', '2064-03-16 05:26:21', '1922-03-11 07:01:22'),
(85, '4V8804', 'Katz', 'Misima Island Airport', 'Nova Prata Airport', '1911-09-29 02:51:47', '1979-01-24 03:00:57'),
(86, 'U18897', 'Quatz', 'Comodoro Pierrestegui Airport', 'Kuujjuaq Airport', '1947-10-12 14:15:03', '1968-02-11 07:10:25'),
(87, 'QB1397', 'Tazz', 'Magdagachi Airport', 'Khrabrovo Airport', '2016-07-28 16:10:13', '1902-12-24 16:57:19'),
(88, '3X2111', 'Jaxspan', 'Tabuaeran Island Airport', 'St Paul Downtown Holman Field', '2024-08-09 20:14:37', '2050-01-21 01:00:33'),
(89, '450723', 'Aimbu', 'Sanga Sanga Airport', 'Panevėžys Air Base', '2071-10-07 15:22:29', '2011-06-08 21:22:20'),
(90, '4J7265', 'Tagpad', 'Murray Island Airport', 'Lydd Airport', '1914-01-14 13:19:14', '2016-05-20 10:31:56'),
(91, '6D4874', 'Skyndu', 'Nanaimo Harbour Water Airport', 'Baotou Airport', '2054-07-17 04:16:01', '2097-10-31 18:52:25'),
(92, 'XP6668', 'Wikizz', 'Springvale Airport', 'Xinyuan Nalati Airport', '1963-05-19 08:09:24', '1917-09-03 13:13:40'),
(93, 'DJ2947', 'Fivechat', 'Begumpet Airport', 'Bar River Airport', '2089-01-11 06:31:38', '2048-08-27 03:09:57'),
(94, 'BW7332', 'Leexo', 'Vitoria/Foronda Airport', 'Marree Airport', '2000-03-21 19:02:05', '2082-10-26 01:51:00'),
(95, 'A45278', 'Brightbean', 'Nizhnevartovsk Airport', 'Arkansas International Airport', '2022-09-23 17:56:10', '2015-04-01 06:15:50'),
(96, '7B2206', 'Izio', 'Bob Quinn Lake Airport', 'Wotho Island Airport', '1925-12-10 12:58:36', '1958-11-11 00:49:47'),
(97, 'IU5658', 'Yacero', 'Zulu Inyala Airport', 'Mamitupo Airport', '2000-01-17 21:50:59', '2013-01-27 17:55:13'),
(98, '2X3858', 'Rhynyx', 'Great Falls International Airport', 'North Battleford Airport', '2045-09-26 16:01:06', '2055-01-26 09:36:13'),
(99, 'VO3117', 'Buzzster', 'Concord Municipal Airport', 'Biggs Army Air Field (Fort Bliss)', '1901-06-25 10:35:06', '2032-08-13 00:21:57'),
(100, '0Y9645', 'Flashpoint', 'Town Airstrip', 'Katowice International Airport', '2061-06-12 23:27:35', '2002-01-06 14:09:00'),
(101, '1M9042', 'Teklist', 'Rafaï Airport', 'Kemerovo Airport', '1917-09-21 16:55:50', '2061-10-20 14:10:37'),
(102, 'NT1845', 'Quamba', 'Dewadaru - Kemujan Island', 'Rolla Downtown Airport', '2047-04-17 19:19:39', '1992-08-19 00:02:09'),
(103, 'K99144', 'Trilith', 'Ulukhaktok Holman Airport', 'Tenkodogo Airport', '2078-02-10 03:18:51', '1939-03-16 19:37:10'),
(104, 'IP5844', 'Omba', 'Nakhon Phanom Airport', 'Burgas Airport', '2007-05-08 09:38:13', '1967-05-14 06:12:54'),
(105, 'Y33468', 'Linktype', 'Storuman Airport', 'Melangguane Airport', '1945-08-31 12:36:08', '1958-04-26 17:22:43'),
(106, 'NU9816', 'Skinix', 'Centenário do Sul Airport', 'Ciampino–G. B. Pastine International Airport', '2093-09-28 08:29:10', '2083-12-09 15:15:13'),
(107, 'DA6039', 'Jabbertype', 'Datong Airport', 'Dix-Sept Rosado Airport', '2070-05-22 04:18:15', '2057-03-20 16:08:48'),
(108, 'ZJ7805', 'Brainlounge', 'Kiunga Airport', 'Ngala Airport', '2054-01-14 04:07:33', '2029-10-01 21:47:52'),
(109, 'RQ6258', 'Jaxspan', 'General Pedro Jose Mendez International Airport', 'Rijeka Airport', '1956-09-29 03:04:28', '1932-07-01 10:15:07'),
(110, '8F5696', 'DabZ', 'McCarran International Airport', 'Uralsk Airport', '2031-09-25 03:25:54', '2046-03-04 20:29:32'),
(111, 'S69344', 'Demimbu', 'Chacalluta Airport', 'Trunojoyo Airport', '2054-04-29 18:02:35', '2028-04-05 16:31:45'),
(112, '9Z2398', 'Tanoodle', 'Luozi Airport', 'Thessaloniki Macedonia International Airport', '1984-02-01 05:10:42', '1954-12-22 10:47:48'),
(113, 'BH9922', 'Tazzy', 'Hudsons Hope Airport', 'Southeast Iowa Regional Airport', '1946-09-10 12:03:44', '1904-08-13 01:51:42'),
(114, 'PV6067', 'Skinte', 'Rincon De Los Sauces Airport', 'Mandinga Airport', '1950-02-13 14:46:59', '2058-02-09 05:23:50'),
(115, 'OB6902', 'Yambee', 'Toulouse-Blagnac Airport', 'Fuma Airport', '1906-12-13 01:32:48', '2020-09-28 19:50:52'),
(116, '4N1461', 'Dabjam', 'Hunt Field', 'Orsk Airport', '2078-12-25 13:12:20', '1972-11-17 13:03:17'),
(117, 'QC9391', 'Dynava', 'Boone County Airport', 'Talhar Airport', '1908-10-23 22:24:15', '1951-10-22 08:18:55'),
(118, 'QH5443', 'Kwimbee', 'Ngukurr Airport', 'Wiarton Airport', '1974-10-22 11:09:36', '2070-02-13 12:52:14'),
(119, '878697', 'Wikizz', 'Gods River Airport', 'Afutara Aerodrome', '2057-03-18 11:29:55', '2004-08-08 05:57:53'),
(120, '240840', 'Twimm', 'El Borma Airport', 'Boone County Airport', '2025-04-23 13:57:25', '2018-12-20 08:03:16'),
(121, '632138', 'Bubblebox', 'Austin Airport', 'Maple Bay Seaplane Base', '2067-01-25 22:47:36', '1988-08-29 13:14:34'),
(122, '3J3179', 'Kayveo', 'Smithers Airport', 'Thicket Portage Airport', '2035-06-25 11:12:23', '2054-07-14 05:11:37'),
(123, '7K7520', 'Quamba', 'Albina Airport', 'Buffalo Range Airport', '2077-02-14 02:05:19', '1908-04-12 08:42:54'),
(124, 'XS9695', 'Fadeo', 'Skövde Airport', 'Maiana Airport', '1900-04-23 20:39:44', '2068-07-23 17:17:13'),
(125, 'G02132', 'Bubblebox', 'Grand Junction Regional Airport', 'Lesobeng Airport', '1926-11-12 01:20:52', '2099-12-16 22:51:05'),
(126, 'BS5732', 'Dynava', 'Ivanof Bay Seaplane Base', 'Valle Del Conlara International Airport', '1907-08-01 21:30:40', '2054-11-20 08:40:07'),
(127, 'Y33927', 'Wikido', 'Oudomsay Airport', 'Berezovo Airport', '1941-07-13 15:06:44', '1981-12-08 04:17:58'),
(128, '2Z6646', 'Vimbo', 'Brak Airport', 'Iffley Airport', '1910-01-11 07:58:02', '2030-04-11 02:26:06'),
(129, '9Z1104', 'Jamia', 'Batouri Airport', 'Duluth International Airport', '2022-10-13 14:53:17', '1903-12-04 22:27:18'),
(130, 'ZM4433', 'Mycat', 'Coffs Harbour Airport', 'Engati Airstrip', '1924-08-07 11:06:52', '1915-05-19 09:44:11'),
(131, 'QY0882', 'Eamia', 'Malekolon Airport', 'Melchor de Mencos Airport', '1938-05-27 08:33:38', '2054-07-29 04:38:58'),
(132, 'QD7952', 'Skipfire', 'Kärdla Airport', 'Central Nebraska Regional Airport', '2015-08-03 17:51:39', '1997-10-23 02:50:22'),
(133, 'QV3188', 'Voomm', 'Mili Island Airport', 'Malabang Airport', '1935-12-09 11:23:06', '1927-01-22 07:26:44'),
(134, '9K3026', 'Rooxo', 'Volta Redonda Airport', 'Ben Slimane Airport', '1912-01-20 04:45:06', '1922-04-12 10:39:00'),
(135, 'T23950', 'Reallinks', 'Shanshan Airport', 'Izumo Airport', '1935-02-04 23:02:10', '1920-12-13 12:57:06'),
(136, 'SZ3851', 'Feedbug', 'Pajala Airport', 'Laredo International Airport', '1987-06-01 06:39:53', '2084-05-20 14:17:31'),
(137, 'FL8370', 'Browsecat', 'Locarno Airport', 'Fontanges Airport', '1984-01-30 00:59:30', '2016-08-26 09:25:16'),
(138, '2K2023', 'Dabvine', 'Fort Chipewyan Airport', 'M''Vengue El Hadj Omar Bongo Ondimba International Airport', '2093-02-23 08:21:52', '2058-02-08 16:29:54'),
(139, 'IA1296', 'Wikibox', 'Antsalova Airport', 'Karup Airport', '1975-07-23 14:57:59', '2033-08-15 00:49:32'),
(140, 'BC8816', 'Tagopia', 'Mesa Del Rey Airport', 'Kasungu Airport', '1915-12-14 02:27:12', '1948-03-21 03:52:14'),
(141, 'R76374', 'Camimbo', 'Surin Airport', 'Gregory Downs Airport', '2070-08-29 16:18:29', '1984-09-10 08:20:47'),
(142, 'QW9439', 'Latz', 'Biaru Airport', 'Beja Airport / Airbase', '1979-11-03 05:42:26', '1913-04-10 19:58:53'),
(143, 'W07047', 'Twinder', 'Martindale Army Heliport', 'Mulu Airport', '1957-06-26 03:44:02', '2063-09-05 13:56:36'),
(144, '953844', 'Yadel', 'Glen Innes Airport', 'Groennedal Heliport', '1943-11-30 15:34:32', '2095-01-23 18:09:35'),
(145, 'PN9616', 'Linklinks', 'Greymouth Airport', 'Newcastle Airport', '1987-03-27 15:53:10', '2056-05-17 18:43:15'),
(146, '5X4452', 'Shufflester', 'Christiansted Harbor Seaplane Base', 'Uray Airport', '2064-01-20 18:55:53', '2054-11-13 21:17:02'),
(147, '7R9646', 'Skyndu', 'Figari Sud-Corse Airport', 'Columbus Air Force Base', '1948-11-19 11:24:57', '1940-02-19 19:19:39'),
(148, 'OA0790', 'Photobean', 'Mário de Almeida Franco Airport', 'Bolwarra Airport', '2051-09-28 20:05:26', '1906-01-18 20:21:21'),
(149, '445514', 'Pixonyx', 'Bergen Airport Flesland', 'Djougou Airport', '2051-12-19 21:46:26', '1910-08-22 11:13:43');

INSERT INTO TRIPULACAO (CPF_T, Primeiro_Nome, Sobrenome, Telefone, Cargo) VALUES
(31915922058, 'Westbrook', 'Pierton', '+81 (338) 359-4943', 'Piloto'),
(95793512335, 'Suzann', 'Sarah', '+62 (846) 331-2267', 'Co-piloto'),
(2696342574, 'Cornie', 'Tchaikovsky', '+63 (142) 971-7011', 'Co-piloto'),
(15231537916, 'Yuri', 'Eastham', '+387 (416) 550-7726', 'Comissario de Bordo'),
(53205629760, 'Duky', 'Ipsgrave', '+351 (486) 734-8830', 'Co-piloto'),
(4463736179, 'Horton', 'Poolton', '+420 (508) 450-4036', 'Piloto'),
(65954070410, 'Clemmie', 'Gorcke', '+995 (501) 846-6339', 'Piloto'),
(40283946161, 'Fenelia', 'Bompass', '+389 (550) 348-6797', 'Co-piloto'),
(5431112353, 'Nickey', 'Danhel', '+62 (116) 738-9205', 'Piloto'),
(99565582853, 'Katina', 'Guswell', '+27 (555) 289-4245', 'Piloto'),
(35443439632, 'Alyson', 'Rocco', '+58 (753) 590-4345', 'Co-piloto'),
(29934117903, 'Emalia', 'Sealove', '+33 (778) 307-0064', 'Co-piloto'),
(79201391032, 'Cammie', 'Doughill', '+381 (236) 534-6939', 'Comissario de Bordo'),
(2963767906, 'Lonnard', 'Durgan', '+81 (935) 458-4209', 'Comissario de Bordo'),
(60687507294, 'Amery', 'Bason', '+86 (422) 856-0950', 'Piloto'),
(18854244571, 'Raine', 'Waldren', '+354 (283) 301-7216', 'Piloto'),
(26415896082, 'Hurleigh', 'Morat', '+218 (390) 489-6512', 'Comissario de Bordo'),
(23929965367, 'Ariella', 'Matteo', '+63 (211) 409-7721', 'Piloto'),
(43786821439, 'Gabbi', 'Matteotti', '+86 (816) 824-7400', 'Comissario de Bordo'),
(29097843209, 'Ring', 'Pizzie', '+98 (604) 522-6958', 'Piloto'),
(7112582755, 'Aleta', 'Gilkison', '+1 (194) 706-9476', 'Co-piloto'),
(14491124205, 'Letty', 'Queenborough', '+504 (598) 609-7921', 'Piloto'),
(93330834059, 'Mignon', 'Yurocjhin', '+86 (387) 589-1327', 'Piloto'),
(97288532699, 'Jemima', 'Gascoigne', '+62 (962) 560-7598', 'Co-piloto'),
(91964749579, 'Cully', 'Couth', '+86 (513) 251-9185', 'Comissario de Bordo'),
(27766656882, 'Con', 'Eveling', '+371 (872) 459-7440', 'Comissario de Bordo'),
(15841953505, 'Kial', 'Baptiste', '+86 (842) 150-0594', 'Piloto'),
(78660923025, 'Delainey', 'Curley', '+33 (704) 517-6082', 'Comissario de Bordo'),
(49495339745, 'Ricardo', 'Poyzer', '+51 (912) 782-8007', 'Co-piloto'),
(98480354400, 'Whitby', 'Wittier', '+86 (375) 561-9853', 'Comissario de Bordo'),
(13122673324, 'Saudra', 'Kohn', '+92 (293) 866-6033', 'Co-piloto'),
(91528194599, 'Ebenezer', 'Barthrop', '+380 (231) 464-2715', 'Comissario de Bordo'),
(91306192554, 'Terrence', 'Dancey', '+976 (994) 559-6732', 'Piloto'),
(65968958785, 'Susette', 'Rivilis', '+976 (316) 868-4522', 'Co-piloto'),
(73613305865, 'Lennie', 'Mabbutt', '+7 (976) 982-9067', 'Piloto'),
(60196630750, 'Nealon', 'Basilio', '+86 (833) 253-7018', 'Comissario de Bordo'),
(41263657221, 'Mufi', 'Rooze', '+86 (798) 224-9874', 'Co-piloto'),
(73992063664, 'Currie', 'Domenc', '+86 (667) 126-5635', 'Comissario de Bordo'),
(78602197178, 'Julie', 'Daddow', '+351 (228) 553-2103', 'Comissario de Bordo'),
(41529335934, 'Dorotea', 'Karlmann', '+226 (569) 769-6429', 'Co-piloto'),
(98909981942, 'Eduardo', 'Blunt', '+62 (108) 689-1749', 'Comissario de Bordo'),
(6970788555, 'Tobe', 'Orae', '+62 (573) 110-8639', 'Co-piloto'),
(74873066653, 'Claudetta', 'Obispo', '+86 (280) 177-9108', 'Piloto'),
(82935209298, 'Tony', 'Youster', '+86 (834) 506-9236', 'Comissario de Bordo'),
(10196876562, 'Brandtr', 'Elford', '+62 (886) 229-4391', 'Co-piloto'),
(20524843032, 'Teodoro', 'Michele', '+7 (450) 603-2752', 'Co-piloto'),
(73885572002, 'Dael', 'Drohan', '+86 (502) 639-9244', 'Co-piloto'),
(94904882554, 'Elsworth', 'McPike', '+86 (357) 360-5010', 'Piloto'),
(80887143295, 'Yoko', 'Lickorish', '+49 (953) 421-8645', 'Comissario de Bordo'),
(52437692245, 'Berne', 'Dannett', '+62 (877) 895-4328', 'Co-piloto'),
(91199271669, 'Kalvin', 'Twallin', '+86 (814) 980-1927', 'Co-piloto'),
(56465136204, 'Chere', 'Ellgood', '+63 (953) 287-9043', 'Co-piloto'),
(95298514874, 'Candy', 'Rackham', '+86 (302) 434-8638', 'Co-piloto'),
(97990220182, 'Francesco', 'Skowcraft', '+7 (433) 827-4757', 'Piloto'),
(65516014234, 'Keri', 'Garbett', '+62 (398) 960-7538', 'Piloto'),
(60193784251, 'Raymond', 'Le-Good', '+51 (818) 438-8892', 'Comissario de Bordo'),
(33182440646, 'Xaviera', 'Menego', '+234 (947) 322-3950', 'Comissario de Bordo'),
(88539144717, 'Kean', 'McLewd', '+63 (507) 477-3550', 'Piloto'),
(74702614590, 'Humfried', 'Torel', '+62 (526) 617-1387', 'Co-piloto'),
(30014969278, 'Stacy', 'Longmore', '+351 (818) 434-8830', 'Co-piloto'),
(41090887008, 'Evangelia', 'Antonutti', '+261 (781) 506-7491', 'Piloto'),
(94836515931, 'Dannye', 'Dedden', '+81 (397) 108-7695', 'Comissario de Bordo'),
(19810346716, 'Zacharias', 'McDyer', '+373 (469) 488-6610', 'Comissario de Bordo'),
(3865301164, 'Barri', 'Stitson', '+355 (636) 660-2804', 'Comissario de Bordo'),
(91064597059, 'Daisie', 'Middle', '+371 (493) 364-7688', 'Co-piloto'),
(79272622913, 'Quentin', 'Brosnan', '+872 (269) 496-1898', 'Co-piloto'),
(20445641583, 'Rebekah', 'Reside', '+86 (430) 681-4501', 'Piloto'),
(73826518982, 'Sibbie', 'Munnings', '+86 (667) 369-8968', 'Co-piloto'),
(1067747673, 'Galvan', 'Joesbury', '+62 (799) 157-4307', 'Co-piloto'),
(97272707106, 'Jobey', 'Butters', '+502 (459) 787-0374', 'Piloto'),
(75301279397, 'Aubine', 'Corten', '+63 (876) 807-0107', 'Co-piloto'),
(38044882669, 'Maureene', 'Brixey', '+55 (834) 729-9162', 'Comissario de Bordo'),
(7868375328, 'Donnell', 'Hatley', '+380 (941) 738-3856', 'Co-piloto'),
(49737688807, 'Marcille', 'Boom', '+86 (127) 935-2567', 'Co-piloto'),
(48828237837, 'Iosep', 'Gullen', '+7 (927) 222-3423', 'Piloto'),
(62427375356, 'Odessa', 'Saunders', '+86 (228) 867-1177', 'Comissario de Bordo'),
(46554015713, 'Delaney', 'Dobrowolski', '+420 (135) 690-4397', 'Co-piloto'),
(25333068633, 'Gillie', 'Wein', '+48 (559) 452-6647', 'Co-piloto'),
(87183426979, 'Dallas', 'Gutowska', '+33 (616) 596-5540', 'Piloto'),
(73235121079, 'Sarene', 'Greenaway', '+256 (995) 384-4052', 'Piloto'),
(77415348972, 'Jorrie', 'Ranger', '+62 (484) 730-1107', 'Comissario de Bordo'),
(72495786027, 'Maighdiln', 'Muttock', '+263 (233) 180-0295', 'Piloto'),
(71335040165, 'Shana', 'Isaac', '+33 (701) 269-1167', 'Piloto'),
(46674530655, 'Saw', 'Cawdery', '+244 (878) 776-6640', 'Comissario de Bordo'),
(42795159764, 'Jorie', 'Cokely', '+420 (233) 304-6816', 'Comissario de Bordo'),
(82008995723, 'Tawsha', 'Simanenko', '+48 (744) 961-2261', 'Piloto'),
(23651384259, 'Evangelina', 'Danbrook', '+269 (174) 811-3759', 'Co-piloto'),
(4638135966, 'Jewelle', 'Shadbolt', '+86 (633) 378-9633', 'Comissario de Bordo'),
(22707580031, 'Tuesday', 'Truter', '+62 (553) 101-6284', 'Co-piloto'),
(15245139462, 'Elvina', 'Smallcombe', '+370 (910) 585-7201', 'Piloto'),
(87329127578, 'Khalil', 'Yukhnin', '+7 (560) 257-2082', 'Co-piloto'),
(23511128922, 'Curtice', 'Oxnam', '+1 (451) 784-2249', 'Piloto'),
(44568118867, 'Aimee', 'Collinge', '+46 (772) 457-5460', 'Piloto'),
(55150869692, 'Chaddie', 'Karpenya', '+7 (393) 392-1780', 'Comissario de Bordo'),
(20602943538, 'Tome', 'Sauniere', '+86 (131) 551-4638', 'Piloto'),
(46097821243, 'Thomasin', 'Caygill', '+381 (118) 656-2450', 'Co-piloto'),
(45429357627, 'Doris', 'Willatts', '+258 (994) 371-5319', 'Co-piloto'),
(83258936739, 'Ilyse', 'Parnby', '+375 (590) 808-8759', 'Comissario de Bordo'),
(35977681791, 'Ody', 'Pibworth', '+382 (814) 519-6676', 'Piloto'),
(94224659317, 'Foss', 'Cicetti', '+81 (554) 971-9750', 'Comissario de Bordo'),
(80130629638, 'Beverlee', 'Kellett', '+55 (358) 659-1284', 'Comissario de Bordo'),
(3725525755, 'Yoshiko', 'Lowndsborough', '+46 (352) 635-5332', 'Co-piloto'),
(98272217778, 'Nicky', 'Ware', '+62 (935) 837-5632', 'Co-piloto'),
(2324912542, 'Daria', 'Brettor', '+86 (914) 215-1469', 'Piloto'),
(62043181053, 'Ricky', 'Strowlger', '+86 (634) 739-3981', 'Co-piloto'),
(87513714873, 'Harwell', 'McElory', '+86 (516) 717-9193', 'Piloto'),
(96048235305, 'Jacob', 'Wingatt', '+358 (737) 547-3975', 'Piloto'),
(17489907987, 'Milty', 'Lowfill', '+93 (559) 781-6151', 'Comissario de Bordo'),
(50046522457, 'Deeanne', 'Mewis', '+1 (206) 174-5471', 'Co-piloto'),
(82699063450, 'Cesaro', 'Deniske', '+54 (188) 561-3500', 'Comissario de Bordo'),
(45587914625, 'Gustav', 'Huskisson', '+93 (700) 124-1403', 'Comissario de Bordo'),
(56093065167, 'Aguie', 'Duck', '+234 (434) 765-4765', 'Piloto'),
(23772746662, 'Corrie', 'Kleinpeltz', '+86 (435) 740-7584', 'Comissario de Bordo'),
(55339786827, 'Charmain', 'Boorer', '+359 (418) 584-9928', 'Co-piloto'),
(9443586011, 'Erskine', 'Manhare', '+86 (750) 842-5541', 'Comissario de Bordo'),
(46746442088, 'Rafe', 'Stainson', '+1 (364) 219-1262', 'Comissario de Bordo'),
(41702490057, 'Courtnay', 'Siggee', '+63 (200) 255-5899', 'Comissario de Bordo'),
(28499276572, 'Jody', 'Kilday', '+57 (276) 130-3872', 'Piloto'),
(45463155461, 'Alexandro', 'Kippins', '+220 (655) 673-9668', 'Piloto'),
(36065325113, 'Sibeal', 'Greenhow', '+81 (277) 142-2939', 'Comissario de Bordo'),
(99518979715, 'Allyn', 'Armfirld', '+31 (427) 144-9494', 'Piloto'),
(64255222004, 'Far', 'Rist', '+963 (442) 328-2421', 'Comissario de Bordo'),
(69122761829, 'Shelby', 'Varnham', '+66 (718) 945-2512', 'Co-piloto'),
(27606272853, 'Sallee', 'Zorzutti', '+55 (994) 851-2902', 'Co-piloto'),
(26554056210, 'Finlay', 'Kinsett', '+86 (243) 427-3883', 'Comissario de Bordo'),
(65924499094, 'Celestyn', 'Withrop', '+216 (900) 443-6138', 'Co-piloto'),
(6638445154, 'Raimundo', 'Camplin', '+251 (950) 435-0046', 'Piloto'),
(94383219950, 'Barbabra', 'Huddart', '+33 (533) 839-6788', 'Piloto'),
(99752501720, 'Bari', 'Rude', '+54 (943) 455-1013', 'Comissario de Bordo'),
(20898428263, 'Greg', 'Mirams', '+93 (188) 966-7928', 'Comissario de Bordo'),
(32950470497, 'Job', 'Witty', '+1 (489) 490-1672', 'Comissario de Bordo'),
(30429858882, 'Ophelia', 'Oene', '+1 (214) 439-3581', 'Piloto'),
(71701977200, 'Jenn', 'Ranken', '+27 (277) 878-2842', 'Comissario de Bordo'),
(46245809822, 'Cris', 'Newtown', '+86 (108) 457-9968', 'Comissario de Bordo'),
(91815678449, 'Amelina', 'Small', '+7 (671) 765-5837', 'Comissario de Bordo'),
(36107047037, 'Virgilio', 'Tooby', '+62 (412) 384-1101', 'Comissario de Bordo'),
(9888690144, 'Crawford', 'Pozer', '+84 (331) 553-2337', 'Piloto'),
(42411665686, 'Filmore', 'McCarly', '+1 (281) 159-7366', 'Co-piloto'),
(39013920475, 'Genevieve', 'Islip', '+51 (951) 627-1199', 'Co-piloto'),
(33245175060, 'Tarah', 'Caville', '+86 (640) 647-8312', 'Comissario de Bordo'),
(37373944748, 'Ron', 'Hutchins', '+53 (100) 599-5657', 'Comissario de Bordo'),
(648762993, 'Rubina', 'Mountain', '+81 (588) 885-8326', 'Co-piloto'),
(91508903388, 'Sibylla', 'Adshed', '+63 (433) 504-1861', 'Co-piloto'),
(67704926873, 'Merissa', 'Le Marquand', '+1 (484) 549-3810', 'Piloto'),
(63567424795, 'Susy', 'Scarce', '+34 (120) 278-6820', 'Piloto'),
(48536648364, 'Harrie', 'Bello', '+242 (887) 866-1810', 'Comissario de Bordo'),
(39164906188, 'Guthry', 'Keyhoe', '+95 (782) 712-7302', 'Co-piloto'),
(48528429575, 'Scot', 'Sang', '+355 (214) 805-0580', 'Co-piloto'),
(76093754293, 'Gabriella', 'Heakins', '+52 (404) 201-7929', 'Comissario de Bordo'),
(43214063937, 'Terza', 'Zecchinii', '+86 (915) 731-5382', 'Piloto');

INSERT INTO TRIPULACAO_VOO (TV_IdVoo, TV_CPF_T) VALUES
(114, 56465136204),
(105, 60193784251),
(99, 73992063664),
(116, 4638135966),
(12, 94224659317),
(129, 71335040165),
(91, 49737688807),
(16, 48828237837),
(102, 95298514874),
(34, 1067747673),
(73, 78602197178),
(75, 30014969278),
(137, 35443439632),
(35, 62427375356),
(113, 73885572002),
(108, 72495786027),
(46, 25333068633),
(30, 41529335934),
(50, 35443439632),
(69, 49495339745),
(18, 46097821243),
(16, 37373944748),
(127, 23651384259),
(54, 62427375356),
(117, 23772746662),
(114, 49737688807),
(141, 19810346716),
(71, 18854244571),
(119, 48528429575),
(100, 94836515931),
(126, 56465136204),
(147, 648762993),
(109, 20445641583),
(5, 26554056210),
(32, 94836515931),
(88, 52437692245),
(101, 82935209298),
(130, 46674530655),
(124, 48828237837),
(62, 50046522457),
(52, 33245175060),
(75, 45429357627),
(26, 41263657221),
(107, 9443586011),
(59, 23929965367),
(66, 49495339745),
(0, 83258936739),
(20, 23772746662),
(116, 13122673324),
(142, 20898428263),
(53, 44568118867),
(30, 52437692245),
(69, 2324912542),
(59, 88539144717),
(135, 28499276572),
(138, 20898428263),
(83, 91064597059),
(105, 27606272853),
(142, 26415896082),
(55, 23511128922),
(59, 97272707106),
(19, 73613305865),
(0, 52437692245),
(139, 14491124205),
(44, 62427375356),
(7, 49737688807),
(1, 82699063450),
(100, 60196630750),
(98, 94224659317),
(109, 67704926873),
(12, 15231537916),
(42, 75301279397),
(90, 23651384259),
(140, 79201391032),
(102, 35443439632),
(22, 71335040165),
(36, 23651384259),
(43, 41090887008),
(122, 56465136204),
(60, 15231537916),
(92, 45587914625),
(118, 2696342574),
(106, 27606272853),
(114, 25333068633),
(26, 67704926873),
(94, 73613305865),
(28, 32950470497),
(86, 87513714873),
(134, 73885572002),
(74, 14491124205),
(7, 78660923025),
(56, 73613305865),
(36, 94904882554),
(114, 29934117903),
(27, 65968958785),
(32, 43214063937),
(85, 62427375356),
(117, 48528429575),
(101, 36107047037),
(43, 87183426979),
(9, 65968958785),
(106, 98909981942),
(45, 38044882669),
(28, 41263657221),
(105, 93330834059),
(61, 15841953505),
(147, 20524843032),
(127, 31915922058),
(1, 35977681791),
(66, 38044882669),
(23, 91508903388),
(61, 91199271669),
(41, 71335040165),
(1, 9443586011),
(116, 91964749579),
(68, 91199271669),
(104, 27606272853),
(22, 99752501720),
(8, 74873066653),
(27, 36065325113),
(75, 23929965367),
(88, 99752501720),
(18, 30014969278),
(62, 98909981942),
(8, 80887143295),
(108, 32950470497),
(28, 73885572002),
(127, 4638135966),
(50, 20445641583),
(15, 7112582755),
(68, 49737688807),
(47, 52437692245),
(102, 55339786827),
(92, 39013920475),
(71, 99752501720),
(129, 93330834059),
(110, 1067747673),
(20, 35977681791),
(12, 5431112353),
(132, 56465136204),
(34, 6638445154),
(82, 23511128922),
(116, 53205629760),
(144, 20602943538),
(55, 97990220182),
(16, 4463736179),
(9, 7868375328),
(57, 45429357627),
(136, 67704926873);

INSERT INTO PASSAGEIRO (CPF_P, Primeiro_Nome, Sobrenome, Data_Nascimento, Telefone, Email) VALUES
(74369107015, 'Prudy', 'Serginson', '1994-12-31', '+1 (526) 576-9658', 'pserginson0@delicious.com'),
(40279304364, 'Franny', 'Civitillo', '1920-06-24', '+62 (651) 935-5826', 'fcivitillo1@economist.com'),
(89972747497, 'Virgie', 'Beeho', '2002-10-15', '+54 (762) 699-5986', 'vbeeho2@gmpg.org'),
(69250518693, 'Ernesta', 'Cawsey', '1934-09-17', '+57 (278) 795-4366', 'ecawsey3@unicef.org'),
(59486891440, 'Kitty', 'Petrie', '1987-12-08', '+86 (323) 517-1050', 'kpetrie4@fda.gov'),
(62340862129, 'Delano', 'Megroff', '1974-07-13', '+1 (757) 570-5475', 'dmegroff5@youtube.com'),
(12589642266, 'Breena', 'Spillett', '1955-09-22', '+7 (976) 591-0457', 'bspillett6@yale.edu'),
(78801776039, 'Ronni', 'Peyes', '1977-02-15', '+420 (227) 916-6146', 'rpeyes7@house.gov'),
(57513252208, 'Von', 'Vicioso', '1991-08-09', '+351 (241) 400-7022', 'vvicioso8@soup.io'),
(51472653736, 'Son', 'Fensome', '1951-12-21', '+420 (720) 194-9521', 'sfensome9@time.com'),
(66722243658, 'Olvan', 'Grewer', '1930-06-01', '+355 (201) 196-5906', 'ogrewera@msu.edu'),
(34548384213, 'Alyosha', 'Pencot', '2010-12-24', '+380 (185) 658-1544', 'apencotb@dagondesign.com'),
(55175245067, 'Horatius', 'Oxtarby', '1935-07-31', '+591 (227) 535-3335', 'hoxtarbyc@weebly.com'),
(18595482557, 'Lief', 'Marguerite', '1999-10-11', '+967 (343) 233-5016', 'lmarguerited@msu.edu'),
(69743248939, 'Eirena', 'Adds', '1950-06-21', '+86 (924) 183-5274', 'eaddse@moonfruit.com'),
(96794149910, 'Sharai', 'Gamett', '1902-09-13', '+98 (149) 876-2495', 'sgamettf@youku.com'),
(69501931416, 'Tatum', 'De Bruin', '1902-09-26', '+358 (579) 948-7195', 'tdebruing@gov.uk'),
(96317605452, 'Mary', 'Ceschi', '1987-02-19', '+63 (143) 140-7311', 'mceschih@canalblog.com'),
(21877782819, 'Elliott', 'Andreia', '1983-04-17', '+7 (911) 756-7264', 'eandreiai@i2i.jp'),
(27206114815, 'Arlee', 'Adey', '1903-10-28', '+359 (443) 176-6998', 'aadeyj@nationalgeographic.com'),
(1174474346, 'Lucien', 'Spilsbury', '1990-11-18', '+63 (641) 154-6521', 'lspilsburyk@miibeian.gov.cn'),
(41034569433, 'Donall', 'Thame', '1981-06-07', '+86 (668) 806-1748', 'dthamel@over-blog.com'),
(47302568048, 'Allina', 'Patrone', '1910-09-27', '+63 (546) 274-1477', 'apatronem@1688.com'),
(99653630659, 'Bronnie', 'Radeliffe', '1991-02-02', '+358 (573) 352-8532', 'bradeliffen@amazon.com'),
(69311536165, 'Jaimie', 'Hollingby', '1928-10-11', '+7 (625) 894-8866', 'jhollingbyo@4shared.com'),
(23934464723, 'Helen', 'Bottrell', '2016-05-15', '+33 (761) 267-4354', 'hbottrellp@artisteer.com'),
(30944472606, 'Winifield', 'Shipcott', '1943-02-06', '+86 (729) 298-8423', 'wshipcottq@chronoengine.com'),
(26662077871, 'Dave', 'Jeavon', '1929-03-03', '+86 (211) 357-2563', 'djeavonr@nytimes.com'),
(17966998543, 'Bailie', 'Frean', '1942-01-31', '+55 (631) 539-6921', 'bfreans@ca.gov'),
(33498152835, 'Gibbie', 'Raynham', '1966-09-28', '+352 (127) 417-4742', 'graynhamt@jalbum.net'),
(70169758168, 'Lorrin', 'Dulling', '1938-12-20', '+380 (703) 672-8162', 'ldullingu@canalblog.com'),
(41786891718, 'Margaux', 'Crowden', '1940-01-29', '+54 (951) 982-8105', 'mcrowdenv@biglobe.ne.jp'),
(28356327572, 'Gavan', 'Merrett', '1937-04-30', '+86 (449) 543-7057', 'gmerrettw@studiopress.com'),
(36769282944, 'Berny', 'Harriagn', '1981-12-16', '+93 (304) 199-2834', 'bharriagnx@sciencedirect.com'),
(75819330255, 'Gradeigh', 'Simmers', '2000-01-10', '+7 (879) 130-8668', 'gsimmersy@cbslocal.com'),
(36935452149, 'Merrill', 'Groneway', '1934-12-23', '+62 (868) 366-6998', 'mgronewayz@java.com'),
(52593366372, 'Ives', 'Warbrick', '1947-03-12', '+351 (215) 918-8423', 'iwarbrick10@etsy.com'),
(67267236808, 'Shawn', 'Arnot', '2019-04-13', '+993 (974) 259-2830', 'sarnot11@macromedia.com'),
(46389000646, 'Ginnie', 'Pleasants', '1913-04-21', '+36 (610) 265-9252', 'gpleasants12@mysql.com'),
(49364046072, 'Mac', 'Oran', '1941-07-26', '+86 (869) 401-7914', 'moran13@bing.com'),
(99701985925, 'Paule', 'Andrei', '1999-07-04', '+86 (819) 883-5636', 'pandrei14@upenn.edu'),
(37473683327, 'Dallis', 'Wyse', '1926-12-20', '+51 (160) 628-5428', 'dwyse15@fema.gov'),
(63992259926, 'Dyanne', 'Allsupp', '1978-12-07', '+507 (269) 553-6402', 'dallsupp16@virginia.edu'),
(1186203327, 'Cory', 'Pleaden', '2005-07-14', '+20 (644) 737-5817', 'cpleaden17@example.com'),
(78335852420, 'Cecilla', 'Greguol', '1978-06-27', '+62 (171) 708-7206', 'cgreguol18@fda.gov'),
(84542990669, 'Aleen', 'Acland', '1920-09-18', '+355 (899) 792-5992', 'aacland19@yolasite.com'),
(11792300251, 'Robinette', 'Boarleyson', '1936-02-29', '+63 (282) 200-2798', 'rboarleyson1a@cam.ac.uk'),
(15825904300, 'Elana', 'Morcomb', '2018-08-08', '+62 (458) 589-6115', 'emorcomb1b@ucsd.edu'),
(24800949300, 'Rana', 'Bletsor', '2004-11-24', '+62 (478) 455-2662', 'rbletsor1c@blogspot.com'),
(30032827676, 'Jerrold', 'Bramah', '1992-07-14', '+86 (159) 690-1303', 'jbramah1d@cnbc.com'),
(12883770265, 'Ortensia', 'Gossling', '1962-02-16', '+381 (906) 813-4013', 'ogossling1e@state.gov'),
(39313327342, 'Malina', 'Bullon', '1924-11-03', '+970 (502) 448-8641', 'mbullon1f@utexas.edu'),
(15146934616, 'Sylvester', 'Parnell', '1997-06-21', '+964 (909) 908-8063', 'sparnell1g@free.fr'),
(50245343775, 'Harold', 'Carreck', '1941-06-07', '+966 (584) 411-1683', 'hcarreck1h@over-blog.com'),
(62612504903, 'Alvinia', 'Durward', '1969-12-21', '+86 (137) 736-5141', 'adurward1i@tinypic.com'),
(55292953001, 'Terrence', 'Aliman', '2019-02-22', '+55 (962) 649-4792', 'taliman1j@spiegel.de'),
(20744033864, 'Yasmeen', 'Mindenhall', '2007-10-18', '+93 (135) 132-2954', 'ymindenhall1k@examiner.com'),
(55375257661, 'Jordan', 'Clearie', '1985-09-06', '+27 (443) 180-6905', 'jclearie1l@csmonitor.com'),
(99131384233, 'Eveleen', 'Redmile', '1937-10-14', '+63 (745) 114-9535', 'eredmile1m@ucla.edu'),
(98708272793, 'Roda', 'Levinge', '1933-01-11', '+7 (162) 582-8620', 'rlevinge1n@canalblog.com'),
(18799339259, 'Cordey', 'Arundel', '1902-10-21', '+7 (278) 749-2191', 'carundel1o@wordpress.com'),
(99730846569, 'Ralf', 'Blagdon', '1902-09-28', '+86 (803) 166-7010', 'rblagdon1p@taobao.com'),
(16568871759, 'Hana', 'Guillard', '1916-05-14', '+55 (209) 146-4312', 'hguillard1q@google.de'),
(73548251012, 'Kania', 'Boschmann', '1977-03-16', '+46 (857) 849-2869', 'kboschmann1r@independent.co.uk'),
(61097927445, 'Gris', 'Warrington', '2015-03-07', '+62 (681) 970-0368', 'gwarrington1s@com.com'),
(83802225593, 'Skippy', 'Giovannilli', '1980-12-06', '+351 (721) 942-5982', 'sgiovannilli1t@last.fm'),
(90209946392, 'Swen', 'Philpault', '2022-01-19', '+60 (781) 909-5380', 'sphilpault1u@cafepress.com'),
(3519541782, 'Oralie', 'Eykelbosch', '1937-10-21', '+55 (679) 339-2293', 'oeykelbosch1v@clickbank.net'),
(8240506682, 'Bartholomew', 'Egerton', '2003-11-29', '+52 (458) 968-3728', 'begerton1w@com.com'),
(39102769469, 'Ara', 'Borsnall', '1925-05-08', '+351 (579) 490-1011', 'aborsnall1x@diigo.com'),
(67479015148, 'Leanna', 'Merwede', '1983-06-29', '+62 (141) 710-7550', 'lmerwede1y@yelp.com'),
(89511713624, 'Giacopo', 'Blew', '1946-03-27', '+1 (792) 167-2858', 'gblew1z@livejournal.com'),
(65259645511, 'Theo', 'Alesi', '1999-11-25', '+86 (583) 717-3574', 'talesi20@google.ru'),
(49960214051, 'Bartolomeo', 'De Cruce', '1928-05-14', '+86 (222) 295-5460', 'bdecruce21@1und1.de'),
(77632710643, 'Claudian', 'Penella', '2006-10-11', '+86 (533) 672-4193', 'cpenella22@yahoo.com'),
(34158639346, 'Edgard', 'Gunton', '1954-07-01', '+48 (623) 702-7140', 'egunton23@pagesperso-orange.fr'),
(10466669835, 'Elaina', 'Revan', '2022-03-12', '+62 (881) 941-6126', 'erevan24@mashable.com'),
(7764197891, 'Layney', 'O'' Reagan', '1961-09-15', '+63 (620) 808-3510', 'loreagan25@eepurl.com'),
(98585010851, 'Stirling', 'De Fries', '1977-11-12', '+46 (117) 320-8631', 'sdefries26@weather.com'),
(99153222986, 'Carilyn', 'Legan', '1986-09-05', '+86 (686) 252-3880', 'clegan27@cbc.ca'),
(71182610482, 'Cristiano', 'Amy', '1970-04-28', '+224 (714) 477-2636', 'camy28@hud.gov'),
(94594536929, 'Sonja', 'Allinson', '1922-01-06', '+86 (591) 313-0709', 'sallinson29@shinystat.com'),
(73358897454, 'Sheppard', 'Lamshead', '2002-03-02', '+98 (266) 940-9562', 'slamshead2a@t-online.de'),
(93173170562, 'Cybil', 'Delgadillo', '1938-01-10', '+66 (463) 415-8816', 'cdelgadillo2b@apache.org'),
(56572693680, 'Randolf', 'Tenniswood', '1938-11-03', '+63 (639) 784-8832', 'rtenniswood2c@engadget.com'),
(171529925, 'Pearle', 'Owens', '1906-06-13', '+63 (580) 539-5309', 'powens2d@shop-pro.jp'),
(38224491775, 'Barrie', 'Lemm', '1998-01-07', '+1 (334) 471-3858', 'blemm2e@usa.gov'),
(38172590235, 'Addie', 'Broader', '1992-06-09', '+351 (505) 730-6837', 'abroader2f@trellian.com'),
(71774094611, 'Selby', 'Tadgell', '1947-05-29', '+670 (427) 971-5401', 'stadgell2g@virginia.edu'),
(47421996749, 'Dominique', 'Surby', '1955-09-14', '+20 (560) 869-6645', 'dsurby2h@smugmug.com'),
(45161744452, 'Juli', 'Betser', '1975-06-29', '+63 (375) 634-7812', 'jbetser2i@adobe.com'),
(99818140024, 'Abner', 'Nazaret', '1990-02-04', '+63 (736) 367-7544', 'anazaret2j@cornell.edu'),
(58003427559, 'Jolie', 'Prandi', '1960-05-19', '+84 (728) 743-0240', 'jprandi2k@cbsnews.com'),
(55113538864, 'Jenifer', 'Goodlip', '2000-02-21', '+86 (635) 272-7964', 'jgoodlip2l@slate.com'),
(78588259481, 'Dana', 'Sizey', '1929-10-04', '+220 (158) 544-5796', 'dsizey2m@miibeian.gov.cn'),
(30264683109, 'Kristo', 'Rozalski', '2011-12-04', '+86 (395) 845-6974', 'krozalski2n@squarespace.com'),
(31520459657, 'Pepi', 'Peasey', '1927-12-25', '+47 (988) 645-1066', 'ppeasey2o@csmonitor.com'),
(55513624030, 'Inez', 'Desborough', '2012-08-19', '+52 (189) 237-4222', 'idesborough2p@uol.com.br'),
(87544641052, 'Ker', 'Girard', '1927-03-17', '+86 (992) 731-4633', 'kgirard2q@typepad.com'),
(96637155404, 'Lilias', 'Cellier', '2001-06-09', '+212 (415) 504-6389', 'lcellier2r@unc.edu'),
(86779095522, 'Merlina', 'Beisley', '1978-02-03', '+33 (937) 612-4037', 'mbeisley2s@toplist.cz'),
(56572811553, 'Dayle', 'Johanssen', '1971-05-05', '+66 (949) 745-1127', 'djohanssen2t@dmoz.org'),
(53661435364, 'Sher', 'Cunio', '2021-01-20', '+86 (386) 558-1129', 'scunio2u@tuttocitta.it'),
(90645863415, 'Holt', 'Skentelbury', '2006-05-24', '+86 (239) 783-5161', 'hskentelbury2v@mac.com'),
(27023279041, 'Cherida', 'Mattioli', '1933-02-25', '+62 (490) 199-1618', 'cmattioli2w@diigo.com'),
(95116319017, 'Terrill', 'Bugs', '1926-04-20', '+98 (931) 493-0422', 'tbugs2x@prnewswire.com'),
(90740990109, 'Bjorn', 'Woodford', '2020-03-17', '+86 (873) 577-4439', 'bwoodford2y@aol.com'),
(80831839188, 'Merla', 'Cuttell', '1931-05-06', '+351 (125) 702-8269', 'mcuttell2z@cmu.edu'),
(46587745233, 'Claus', 'Mithun', '1986-05-20', '+30 (739) 305-4451', 'cmithun30@wordpress.org'),
(3329036901, 'Wolfy', 'Nielson', '1967-06-03', '+86 (846) 843-4669', 'wnielson31@xrea.com'),
(9631398274, 'Simonette', 'Tant', '2007-03-03', '+62 (964) 623-7899', 'stant32@prweb.com'),
(26721764240, 'Barnabe', 'De Morena', '1958-04-30', '+7 (203) 372-0561', 'bdemorena33@unicef.org'),
(35329311576, 'Bernette', 'Sheepy', '1909-02-21', '+7 (609) 686-0013', 'bsheepy34@furl.net'),
(52737509685, 'Hugo', 'Fowles', '1981-03-17', '+62 (477) 657-9451', 'hfowles35@pen.io'),
(21186223842, 'Stanfield', 'Bednall', '1930-06-16', '+33 (449) 669-1769', 'sbednall36@cbc.ca'),
(26484362610, 'Felice', 'Keeves', '1983-08-20', '+63 (641) 806-1604', 'fkeeves37@wiley.com'),
(70415768034, 'Kirby', 'Draxford', '1934-02-22', '+86 (169) 283-8219', 'kdraxford38@tinyurl.com'),
(92933051137, 'Rozelle', 'Greenstreet', '1923-05-22', '+506 (698) 827-2446', 'rgreenstreet39@wiley.com'),
(84498990805, 'Martynne', 'Berkelay', '1936-05-10', '+34 (227) 189-2325', 'mberkelay3a@ucoz.ru'),
(75609340767, 'Darrel', 'Wainman', '1939-12-10', '+63 (192) 817-4483', 'dwainman3b@spotify.com'),
(93347682220, 'Ranee', 'Aughton', '2019-09-05', '+62 (653) 537-1394', 'raughton3c@dailymail.co.uk'),
(93031913039, 'Tybi', 'Callacher', '1936-12-26', '+381 (629) 299-1813', 'tcallacher3d@dropbox.com'),
(9778911061, 'Cyrus', 'Yakunchikov', '1946-07-25', '+967 (211) 980-4345', 'cyakunchikov3e@ezinearticles.com'),
(81475520864, 'Rafaelita', 'Burdin', '2015-09-05', '+86 (130) 232-1195', 'rburdin3f@goo.gl'),
(89499972359, 'Bernadina', 'Ordish', '1915-11-24', '+27 (850) 918-8670', 'bordish3g@ifeng.com'),
(90637236736, 'Robinetta', 'Couth', '1993-11-26', '+34 (956) 131-9803', 'rcouth3h@psu.edu'),
(70871756876, 'Greg', 'Tennewell', '1998-11-07', '+381 (449) 425-7969', 'gtennewell3i@google.ca'),
(38184222447, 'Lenna', 'Devin', '1977-07-06', '+62 (285) 774-3315', 'ldevin3j@dropbox.com'),
(2171000190, 'Brianna', 'Dagg', '1957-05-04', '+86 (582) 121-1168', 'bdagg3k@slideshare.net'),
(13858194999, 'Amalea', 'Boxhall', '1923-10-01', '+46 (398) 957-0491', 'aboxhall3l@constantcontact.com'),
(90446023224, 'Car', 'Daskiewicz', '1949-04-13', '+62 (743) 864-0119', 'cdaskiewicz3m@nydailynews.com'),
(25328400513, 'Audra', 'Ivashintsov', '1907-06-08', '+1 (956) 575-1421', 'aivashintsov3n@wikimedia.org'),
(91572926346, 'Faustina', 'Hellwig', '2007-03-07', '+62 (344) 389-0563', 'fhellwig3o@imgur.com'),
(82334937207, 'Gaby', 'Cotilard', '1932-11-04', '+81 (919) 474-2879', 'gcotilard3p@sciencedirect.com'),
(95700143760, 'Meaghan', 'Mahmood', '1995-04-09', '+84 (323) 191-2761', 'mmahmood3q@facebook.com'),
(73502008739, 'Lorrin', 'Mizzen', '1935-05-13', '+86 (932) 932-3410', 'lmizzen3r@joomla.org'),
(11385626306, 'Caresa', 'Gradon', '1996-07-30', '+503 (441) 214-9472', 'cgradon3s@webeden.co.uk'),
(82476795636, 'Sheree', 'Lofts', '2020-06-30', '+86 (265) 830-1890', 'slofts3t@marketwatch.com'),
(72502289201, 'Corrianne', 'Churchouse', '1909-03-15', '+7 (724) 202-0718', 'cchurchouse3u@ebay.co.uk'),
(4850446646, 'Nikos', 'Bagnall', '2013-12-26', '+86 (130) 678-6330', 'nbagnall3v@so-net.ne.jp'),
(17584746212, 'Tristam', 'Studman', '1905-03-16', '+507 (653) 808-8242', 'tstudman3w@unblog.fr'),
(96422708837, 'Fay', 'Binion', '2019-07-29', '+212 (947) 874-2126', 'fbinion3x@youku.com'),
(34318638195, 'Casper', 'Dakers', '2017-12-02', '+48 (876) 125-5024', 'cdakers3y@princeton.edu'),
(27933100527, 'Derrek', 'Bellsham', '1906-05-09', '+62 (561) 349-0398', 'dbellsham3z@princeton.edu'),
(6907338468, 'Ringo', 'McIlvenna', '1926-08-03', '+62 (550) 536-4077', 'rmcilvenna40@canalblog.com'),
(86515140284, 'Arlana', 'Gannaway', '1926-07-17', '+55 (659) 229-1433', 'agannaway41@phoca.cz'),
(77264893296, 'Zara', 'Enden', '1941-09-13', '+62 (759) 386-7643', 'zenden42@paginegialle.it'),
(38903947940, 'Calley', 'Tamblingson', '2001-02-03', '+86 (958) 677-9583', 'ctamblingson43@weebly.com'),
(54290779586, 'Calhoun', 'Knappitt', '1934-01-02', '+996 (972) 436-5583', 'cknappitt44@omniture.com'),
(57135301217, 'Valentia', 'Cropton', '1905-12-27', '+48 (660) 186-9324', 'vcropton45@ox.ac.uk');

INSERT INTO ASSENTO (IdAssento, Numero, Status, Classe, Assento_IdVoo) VALUES
(0, 'E018', False, 'Econômica', 114),
(1, 'N631', False, 'Primeira Classe', 89),
(2, 'O054', True, 'Econômica', 6),
(3, 'R360', False, 'Executiva', 143),
(4, 'S625', False, 'Econômica', 105),
(5, 'I412', False, 'Econômica', 9),
(6, 'P673', False, 'Econômica', 149),
(7, 'Q548', True, 'Primeira Classe', 2),
(8, 'I331', False, 'Executiva', 148),
(9, 'E286', False, 'Primeira Classe', 83),
(10, 'C080', True, 'Primeira Classe', 130),
(11, 'Z573', True, 'Executiva', 103),
(12, 'X996', False, 'Executiva', 115),
(13, 'R351', True, 'Econômica', 105),
(14, 'T573', True, 'Primeira Classe', 76),
(15, 'H573', True, 'Primeira Classe', 99),
(16, 'R696', False, 'Primeira Classe', 112),
(17, 'M312', True, 'Executiva', 130),
(18, 'D032', False, 'Executiva', 39),
(19, 'Q286', False, 'Econômica', 13),
(20, 'D519', False, 'Econômica', 116),
(21, 'Y504', True, 'Econômica', 70),
(22, 'K553', False, 'Econômica', 108),
(23, 'A163', True, 'Primeira Classe', 12),
(24, 'Z888', False, 'Econômica', 96),
(25, 'P866', False, 'Executiva', 50),
(26, 'C715', False, 'Econômica', 93),
(27, 'L067', True, 'Executiva', 21),
(28, 'J777', False, 'Primeira Classe', 44),
(29, 'H651', False, 'Econômica', 111),
(30, 'C884', False, 'Executiva', 116),
(31, 'M557', False, 'Executiva', 144),
(32, 'Z038', True, 'Primeira Classe', 100),
(33, 'E017', False, 'Econômica', 97),
(34, 'K236', True, 'Executiva', 44),
(35, 'A151', True, 'Primeira Classe', 111),
(36, 'O673', True, 'Econômica', 143),
(37, 'U821', True, 'Executiva', 116),
(38, 'I483', False, 'Executiva', 94),
(39, 'W142', False, 'Executiva', 42),
(40, 'G887', False, 'Executiva', 56),
(41, 'S702', True, 'Econômica', 17),
(42, 'U147', False, 'Primeira Classe', 26),
(43, 'L404', True, 'Primeira Classe', 112),
(44, 'R743', True, 'Econômica', 136),
(45, 'T004', True, 'Primeira Classe', 117),
(46, 'E607', False, 'Executiva', 105),
(47, 'L673', False, 'Econômica', 1),
(48, 'D113', True, 'Primeira Classe', 83),
(49, 'D501', True, 'Econômica', 24),
(50, 'D775', True, 'Econômica', 20),
(51, 'D356', True, 'Executiva', 8),
(52, 'F273', True, 'Executiva', 105),
(53, 'Y808', True, 'Executiva', 16),
(54, 'N084', False, 'Primeira Classe', 133),
(55, 'J882', True, 'Econômica', 54),
(56, 'L641', False, 'Econômica', 137),
(57, 'Z973', False, 'Econômica', 138),
(58, 'D697', True, 'Econômica', 38),
(59, 'D929', True, 'Primeira Classe', 66),
(60, 'C712', False, 'Econômica', 51),
(61, 'X306', False, 'Executiva', 127),
(62, 'D883', False, 'Primeira Classe', 93),
(63, 'U798', True, 'Econômica', 145),
(64, 'Y751', True, 'Econômica', 8),
(65, 'J333', False, 'Primeira Classe', 148),
(66, 'C006', False, 'Executiva', 21),
(67, 'D712', True, 'Executiva', 81),
(68, 'J348', True, 'Executiva', 21),
(69, 'C518', True, 'Econômica', 67),
(70, 'V571', False, 'Econômica', 105),
(71, 'X468', True, 'Econômica', 30),
(72, 'Z445', False, 'Primeira Classe', 76),
(73, 'X589', True, 'Executiva', 136),
(74, 'U230', True, 'Econômica', 138),
(75, 'I466', True, 'Econômica', 6),
(76, 'Z074', False, 'Executiva', 104),
(77, 'X832', False, 'Primeira Classe', 125),
(78, 'B646', True, 'Econômica', 102),
(79, 'S479', False, 'Econômica', 61),
(80, 'T392', True, 'Econômica', 99),
(81, 'A824', True, 'Primeira Classe', 43),
(82, 'C000', False, 'Executiva', 33),
(83, 'O117', False, 'Executiva', 28),
(84, 'W001', True, 'Executiva', 126),
(85, 'Q274', False, 'Primeira Classe', 25),
(86, 'M323', True, 'Primeira Classe', 46),
(87, 'E663', True, 'Primeira Classe', 79),
(88, 'U140', True, 'Primeira Classe', 29),
(89, 'E381', False, 'Primeira Classe', 112),
(90, 'M109', False, 'Executiva', 28),
(91, 'D121', True, 'Primeira Classe', 86),
(92, 'F423', False, 'Primeira Classe', 140),
(93, 'F871', True, 'Executiva', 102),
(94, 'G782', True, 'Econômica', 50),
(95, 'L993', False, 'Econômica', 15),
(96, 'S205', False, 'Econômica', 138),
(97, 'N319', True, 'Executiva', 53),
(98, 'X102', False, 'Econômica', 63),
(99, 'K418', True, 'Executiva', 24),
(100, 'Q643', True, 'Primeira Classe', 2),
(101, 'P567', False, 'Econômica', 12),
(102, 'E047', False, 'Primeira Classe', 53),
(103, 'I361', True, 'Primeira Classe', 28),
(104, 'T299', True, 'Primeira Classe', 103),
(105, 'B100', False, 'Executiva', 57),
(106, 'R404', True, 'Executiva', 136),
(107, 'M046', False, 'Executiva', 96),
(108, 'Z563', False, 'Executiva', 33),
(109, 'B971', False, 'Executiva', 140),
(110, 'W472', False, 'Econômica', 113),
(111, 'M433', True, 'Executiva', 0),
(112, 'W015', True, 'Primeira Classe', 44),
(113, 'H535', False, 'Econômica', 66),
(114, 'E565', False, 'Econômica', 60),
(115, 'E822', True, 'Primeira Classe', 109),
(116, 'K696', False, 'Primeira Classe', 149),
(117, 'Y838', True, 'Econômica', 125),
(118, 'K896', False, 'Primeira Classe', 66),
(119, 'E615', True, 'Econômica', 143),
(120, 'W480', True, 'Executiva', 134),
(121, 'K962', True, 'Primeira Classe', 65),
(122, 'V285', True, 'Econômica', 100),
(123, 'I979', True, 'Primeira Classe', 18),
(124, 'V849', False, 'Econômica', 92),
(125, 'H152', True, 'Econômica', 70),
(126, 'J644', False, 'Executiva', 48),
(127, 'Z897', False, 'Econômica', 106),
(128, 'P415', True, 'Primeira Classe', 121),
(129, 'Z091', True, 'Econômica', 85),
(130, 'E440', False, 'Primeira Classe', 145),
(131, 'U809', False, 'Econômica', 130),
(132, 'R662', True, 'Primeira Classe', 66),
(133, 'Q343', False, 'Executiva', 49),
(134, 'M223', False, 'Executiva', 148),
(135, 'J847', True, 'Executiva', 131),
(136, 'S148', True, 'Executiva', 122),
(137, 'V868', True, 'Executiva', 51),
(138, 'S095', True, 'Econômica', 25),
(139, 'K068', False, 'Primeira Classe', 33),
(140, 'G279', False, 'Econômica', 144),
(141, 'K810', True, 'Econômica', 147),
(142, 'U290', True, 'Primeira Classe', 6),
(143, 'A584', False, 'Executiva', 57),
(144, 'E117', False, 'Econômica', 73),
(145, 'L967', True, 'Executiva', 94),
(146, 'B022', True, 'Primeira Classe', 60),
(147, 'M784', False, 'Econômica', 28),
(148, 'G192', False, 'Primeira Classe', 42),
(149, 'I251', False, 'Executiva', 101);

INSERT INTO RESERVA (IdReserva, Reserva_CPF_P, Reserva_IdVoo, Reserva_IdAssento, Data) VALUES
(0, 24800949300, 89, 84, '2011-07-29'),
(1, 70415768034, 117, 31, '2001-07-10'),
(2, 47302568048, 126, 3, '2007-10-24'),
(3, 91572926346, 140, 24, '2015-10-21'),
(4, 99730846569, 6, 51, '2008-08-08'),
(5, 8240506682, 114, 76, '2015-08-01'),
(6, 55175245067, 73, 65, '2012-04-03'),
(7, 62340862129, 130, 59, '2006-07-09'),
(8, 86779095522, 9, 33, '2007-09-11'),
(9, 93031913039, 95, 75, '2005-02-15'),
(10, 38172590235, 116, 120, '2000-03-14'),
(11, 38184222447, 53, 67, '2019-01-29'),
(12, 99730846569, 25, 123, '2014-03-14'),
(13, 15825904300, 99, 80, '2023-07-22'),
(14, 38172590235, 49, 82, '2001-06-03'),
(15, 78335852420, 61, 61, '2021-08-30'),
(16, 2171000190, 40, 149, '2024-01-11'),
(17, 65259645511, 146, 93, '2008-06-04'),
(18, 70415768034, 125, 51, '2022-09-09'),
(19, 30032827676, 36, 114, '2002-09-01'),
(20, 67479015148, 68, 81, '2006-05-25'),
(21, 90637236736, 96, 96, '2007-05-07'),
(22, 17584746212, 119, 131, '2022-04-20'),
(23, 41034569433, 44, 86, '2009-11-06'),
(24, 11792300251, 44, 35, '2020-08-05'),
(25, 81475520864, 68, 52, '2009-09-30'),
(26, 36769282944, 85, 31, '2005-05-11'),
(27, 38184222447, 127, 114, '2017-12-08'),
(28, 96794149910, 42, 41, '2021-09-08'),
(29, 71182610482, 55, 37, '2002-05-21'),
(30, 71774094611, 4, 118, '2019-12-22'),
(31, 61097927445, 120, 22, '2001-12-13'),
(32, 98585010851, 138, 148, '2011-06-19'),
(33, 41786891718, 29, 72, '2005-01-08'),
(34, 69311536165, 2, 51, '2002-08-15'),
(35, 82334937207, 80, 75, '2017-05-30'),
(36, 31520459657, 135, 111, '2023-07-31'),
(37, 62340862129, 81, 141, '2015-05-29'),
(38, 59486891440, 76, 1, '2015-02-18'),
(39, 46389000646, 17, 28, '2018-02-15'),
(40, 38903947940, 29, 123, '2012-09-03'),
(41, 52593366372, 105, 42, '2002-03-26'),
(42, 73548251012, 20, 69, '2007-02-28'),
(43, 89972747497, 85, 65, '2002-04-28'),
(44, 59486891440, 93, 0, '2001-04-29'),
(45, 9631398274, 137, 5, '2016-12-21'),
(46, 71182610482, 48, 124, '2023-06-17'),
(47, 17966998543, 78, 45, '2003-01-15'),
(48, 98585010851, 76, 11, '2012-07-21'),
(49, 69250518693, 27, 123, '2015-09-13'),
(50, 47302568048, 87, 55, '2001-11-19'),
(51, 41786891718, 103, 137, '2000-03-26'),
(52, 83802225593, 69, 18, '2000-06-21'),
(53, 67479015148, 147, 38, '2016-07-03'),
(54, 99653630659, 6, 20, '2019-10-26'),
(55, 1174474346, 67, 14, '2009-04-18'),
(56, 30264683109, 55, 109, '2004-02-22'),
(57, 93347682220, 146, 71, '2017-08-17'),
(58, 16568871759, 70, 10, '2015-02-08'),
(59, 1174474346, 93, 47, '2003-02-13'),
(60, 21877782819, 35, 59, '2012-09-17'),
(61, 55113538864, 48, 101, '2009-12-26'),
(62, 45161744452, 100, 65, '2020-09-02'),
(63, 99653630659, 129, 127, '2006-07-29'),
(64, 62340862129, 71, 15, '2001-06-06'),
(65, 16568871759, 86, 63, '2002-06-11'),
(66, 37473683327, 42, 16, '2016-04-08'),
(67, 46587745233, 64, 120, '2016-09-03'),
(68, 56572693680, 51, 51, '2003-08-19'),
(69, 26721764240, 136, 42, '2002-04-07'),
(70, 58003427559, 60, 137, '2010-08-24'),
(71, 34548384213, 61, 146, '2010-06-08'),
(72, 7764197891, 34, 116, '2021-02-21'),
(73, 18595482557, 108, 29, '2010-07-09'),
(74, 75819330255, 95, 8, '2024-10-09'),
(75, 9778911061, 107, 88, '2016-04-24'),
(76, 33498152835, 148, 49, '2006-09-26'),
(77, 1186203327, 3, 47, '2003-05-23'),
(78, 99818140024, 40, 143, '2024-05-27'),
(79, 27206114815, 75, 138, '2020-11-06'),
(80, 52737509685, 64, 48, '2009-10-11'),
(81, 55113538864, 65, 13, '2016-05-09'),
(82, 74369107015, 28, 95, '2024-04-25'),
(83, 30264683109, 141, 87, '2017-07-14'),
(84, 26721764240, 34, 112, '2016-12-15'),
(85, 71182610482, 78, 116, '2017-06-02'),
(86, 73502008739, 48, 145, '2008-03-06'),
(87, 38903947940, 3, 59, '2004-11-25'),
(88, 90637236736, 83, 87, '2001-10-04'),
(89, 34158639346, 2, 23, '2010-12-18'),
(90, 4850446646, 94, 3, '2019-11-21'),
(91, 12883770265, 126, 133, '2000-07-20'),
(92, 75609340767, 0, 108, '2003-07-10'),
(93, 70415768034, 2, 1, '2023-06-09'),
(94, 20744033864, 108, 111, '2001-06-17'),
(95, 87544641052, 128, 122, '2022-11-15'),
(96, 40279304364, 139, 4, '2004-07-22'),
(97, 36769282944, 24, 70, '2017-10-08'),
(98, 38172590235, 45, 123, '2013-05-14'),
(99, 28356327572, 134, 143, '2010-12-20'),
(100, 38224491775, 6, 87, '2018-09-08'),
(101, 90645863415, 52, 71, '2016-10-04'),
(102, 41786891718, 79, 33, '2012-07-05'),
(103, 35329311576, 116, 121, '2004-04-07'),
(104, 30264683109, 100, 103, '2000-11-13'),
(105, 12883770265, 11, 18, '2004-05-26'),
(106, 34318638195, 66, 48, '2024-02-23'),
(107, 13858194999, 139, 59, '2007-09-26'),
(108, 3519541782, 93, 64, '2002-12-15'),
(109, 50245343775, 55, 5, '2004-11-26'),
(110, 45161744452, 16, 34, '2010-01-15'),
(111, 77264893296, 139, 68, '2018-03-13'),
(112, 77264893296, 146, 37, '2004-08-02'),
(113, 62340862129, 133, 7, '2011-07-14'),
(114, 67479015148, 21, 99, '2007-02-16'),
(115, 34548384213, 35, 90, '2018-03-25'),
(116, 45161744452, 19, 130, '2014-05-15'),
(117, 69743248939, 140, 131, '2005-03-30'),
(118, 78588259481, 122, 23, '2002-01-08'),
(119, 9778911061, 139, 78, '2020-07-17'),
(120, 27933100527, 12, 42, '2018-11-08'),
(121, 93347682220, 77, 87, '2011-01-12'),
(122, 26662077871, 24, 137, '2019-08-21'),
(123, 99153222986, 85, 142, '2004-03-16'),
(124, 34548384213, 21, 18, '2024-08-07'),
(125, 30032827676, 142, 74, '2015-06-29'),
(126, 83802225593, 101, 52, '2005-06-23'),
(127, 94594536929, 76, 29, '2003-02-01'),
(128, 99153222986, 93, 101, '2020-09-06'),
(129, 38903947940, 26, 126, '2003-11-22'),
(130, 69250518693, 128, 76, '2015-03-05'),
(131, 12883770265, 48, 104, '2009-02-24'),
(132, 21186223842, 11, 43, '2018-11-15'),
(133, 11792300251, 88, 115, '2006-12-05'),
(134, 90645863415, 126, 2, '2013-11-01'),
(135, 70871756876, 70, 63, '2017-06-03'),
(136, 78335852420, 7, 119, '2007-04-28'),
(137, 8240506682, 3, 88, '2009-06-28'),
(138, 52593366372, 143, 39, '2017-09-04'),
(139, 18799339259, 9, 36, '2014-05-18'),
(140, 90637236736, 19, 85, '2006-10-20'),
(141, 37473683327, 40, 117, '2019-10-29'),
(142, 26662077871, 108, 60, '2020-09-20'),
(143, 3519541782, 29, 95, '2000-06-24'),
(144, 62340862129, 44, 27, '2011-11-18'),
(145, 16568871759, 80, 14, '2007-03-15'),
(146, 17584746212, 23, 83, '2007-08-23'),
(147, 63992259926, 59, 91, '2022-05-15'),
(148, 39313327342, 146, 139, '2020-06-08'),
(149, 18595482557, 47, 121, '2014-12-06');

INSERT INTO BAGAGEM (IdBagagem, Bagagem_Reserva_IdReserva, Bagagem_Reserva_CPF_P, Tipo, Altura, Comprimento, Largura, Peso) VALUES
(0, 15, 78335852420, 'Item Pessoal', 43.71, 17.07, 67.46, 76.86),
(1, 10, 38172590235, 'Item Pessoal', 124.19, 65.26, 72.21, 10.83),
(2, 129, 38903947940, 'Despachada', 3.09, 29.53, 50.68, 45.49),
(3, 56, 30264683109, 'Despachada', 137.81, 119.79, 130.14, 45.84),
(4, 65, 16568871759, 'Despachada', 104.51, 0.74, 65.7, 61.7),
(5, 124, 34548384213, 'Item Pessoal', 71.48, 71.09, 19.58, 62.15),
(6, 149, 18595482557, 'Bagagem de Mão', 120.18, 121.95, 126.29, 45.19),
(7, 34, 69311536165, 'Item Pessoal', 5.11, 37.52, 66.84, 95.8),
(8, 64, 62340862129, 'Item Pessoal', 21.84, 114.62, 128.2, 61.17),
(9, 103, 35329311576, 'Item Pessoal', 139.7, 6.08, 117.37, 16.54),
(10, 12, 99730846569, 'Despachada', 68.12, 47.21, 30.71, 48.97),
(11, 83, 30264683109, 'Item Pessoal', 66.47, 75.39, 23.3, 46.2),
(12, 125, 30032827676, 'Bagagem de Mão', 97.18, 82.26, 21.57, 26.98),
(13, 71, 34548384213, 'Bagagem de Mão', 31.2, 66.99, 108.13, 44.03),
(14, 27, 38184222447, 'Despachada', 32.89, 126.8, 99.93, 94.3),
(15, 80, 52737509685, 'Bagagem de Mão', 149.12, 32.86, 129.27, 15.06),
(16, 93, 70415768034, 'Bagagem de Mão', 140.31, 68.79, 149.67, 48.96),
(17, 131, 12883770265, 'Item Pessoal', 44.94, 130.31, 83.14, 21.78),
(18, 40, 38903947940, 'Item Pessoal', 133.65, 149.17, 147.35, 99.3),
(19, 144, 62340862129, 'Item Pessoal', 31.55, 99.88, 13.86, 14.37),
(20, 126, 83802225593, 'Item Pessoal', 111.67, 20.83, 105.26, 33.62),
(21, 10, 38172590235, 'Despachada', 35.13, 28.66, 146.95, 10.82),
(22, 99, 28356327572, 'Despachada', 54.2, 97.77, 45.42, 14.29),
(23, 11, 38184222447, 'Bagagem de Mão', 57.27, 48.64, 64.04, 50.37),
(24, 69, 26721764240, 'Item Pessoal', 118.42, 93.62, 99.7, 99.28),
(25, 19, 30032827676, 'Bagagem de Mão', 11.26, 20.65, 40.98, 47.83),
(26, 72, 7764197891, 'Item Pessoal', 119.37, 24.82, 33.46, 45.0),
(27, 14, 38172590235, 'Despachada', 0.69, 53.3, 119.65, 2.18),
(28, 8, 86779095522, 'Despachada', 101.88, 105.59, 119.39, 38.19),
(29, 28, 96794149910, 'Bagagem de Mão', 42.64, 72.75, 127.26, 6.94),
(30, 16, 2171000190, 'Item Pessoal', 101.76, 108.06, 61.74, 9.07),
(31, 21, 90637236736, 'Despachada', 25.54, 26.3, 72.96, 93.3),
(32, 32, 98585010851, 'Item Pessoal', 91.91, 69.49, 119.78, 84.27),
(33, 18, 70415768034, 'Despachada', 84.03, 136.68, 56.21, 17.88),
(34, 6, 55175245067, 'Bagagem de Mão', 87.44, 71.39, 104.98, 70.21),
(35, 105, 12883770265, 'Despachada', 136.3, 99.76, 63.22, 89.38),
(36, 132, 21186223842, 'Bagagem de Mão', 24.63, 35.04, 7.38, 73.11),
(37, 110, 45161744452, 'Bagagem de Mão', 7.38, 20.55, 36.35, 42.27),
(38, 56, 30264683109, 'Bagagem de Mão', 136.77, 120.35, 95.17, 49.61),
(39, 116, 45161744452, 'Bagagem de Mão', 96.23, 124.86, 122.23, 46.95),
(40, 122, 26662077871, 'Bagagem de Mão', 47.17, 63.39, 89.39, 83.18),
(41, 97, 36769282944, 'Despachada', 103.39, 50.01, 112.2, 71.18),
(42, 57, 93347682220, 'Item Pessoal', 76.2, 145.26, 45.18, 52.0),
(43, 133, 11792300251, 'Bagagem de Mão', 127.7, 62.19, 88.55, 96.73),
(44, 121, 93347682220, 'Item Pessoal', 130.07, 101.91, 148.2, 89.06),
(45, 60, 21877782819, 'Despachada', 25.0, 97.33, 43.19, 19.86),
(46, 80, 52737509685, 'Bagagem de Mão', 69.09, 80.91, 54.71, 14.14),
(47, 73, 18595482557, 'Bagagem de Mão', 50.59, 17.93, 116.41, 82.08),
(48, 78, 99818140024, 'Bagagem de Mão', 63.37, 123.76, 95.4, 39.82),
(49, 27, 38184222447, 'Item Pessoal', 141.98, 57.65, 134.82, 3.68),
(50, 114, 67479015148, 'Despachada', 124.92, 18.99, 95.83, 50.0),
(51, 38, 59486891440, 'Despachada', 104.74, 49.0, 57.53, 14.22),
(52, 148, 39313327342, 'Bagagem de Mão', 47.9, 39.19, 24.2, 23.89),
(53, 58, 16568871759, 'Item Pessoal', 24.9, 143.59, 16.56, 90.45),
(54, 82, 74369107015, 'Bagagem de Mão', 65.62, 88.38, 138.66, 97.49),
(55, 47, 17966998543, 'Despachada', 108.56, 116.92, 137.66, 19.86),
(56, 21, 90637236736, 'Bagagem de Mão', 123.23, 2.73, 133.35, 60.86),
(57, 135, 70871756876, 'Item Pessoal', 18.34, 88.67, 23.97, 65.88),
(58, 35, 82334937207, 'Bagagem de Mão', 132.76, 85.19, 145.95, 71.19),
(59, 70, 58003427559, 'Despachada', 99.99, 106.02, 9.58, 86.14),
(60, 120, 27933100527, 'Bagagem de Mão', 62.56, 13.22, 111.76, 96.65),
(61, 89, 34158639346, 'Item Pessoal', 69.47, 68.17, 123.62, 95.69),
(62, 109, 50245343775, 'Bagagem de Mão', 129.61, 25.2, 101.21, 36.48),
(63, 123, 99153222986, 'Item Pessoal', 80.74, 121.11, 122.39, 16.48),
(64, 29, 71182610482, 'Item Pessoal', 85.87, 20.99, 56.16, 86.13),
(65, 20, 67479015148, 'Item Pessoal', 51.89, 30.17, 1.78, 91.88),
(66, 61, 55113538864, 'Item Pessoal', 54.77, 134.57, 14.51, 96.83),
(67, 11, 38184222447, 'Bagagem de Mão', 50.89, 136.73, 30.34, 80.21),
(68, 28, 96794149910, 'Despachada', 96.68, 128.43, 132.58, 66.95),
(69, 96, 40279304364, 'Bagagem de Mão', 55.79, 78.6, 107.89, 37.55),
(70, 131, 12883770265, 'Despachada', 131.89, 147.58, 79.36, 69.68),
(71, 37, 62340862129, 'Item Pessoal', 8.25, 117.67, 104.34, 80.73),
(72, 53, 67479015148, 'Item Pessoal', 29.42, 45.86, 119.59, 75.95),
(73, 125, 30032827676, 'Despachada', 132.64, 97.71, 121.97, 20.1),
(74, 145, 16568871759, 'Despachada', 97.04, 71.2, 57.7, 55.69),
(75, 143, 3519541782, 'Bagagem de Mão', 45.36, 91.11, 86.7, 90.55),
(76, 52, 83802225593, 'Item Pessoal', 95.07, 119.89, 128.79, 41.49),
(77, 123, 99153222986, 'Despachada', 93.06, 85.85, 110.58, 4.62),
(78, 134, 90645863415, 'Item Pessoal', 145.01, 48.85, 59.67, 94.4),
(79, 30, 71774094611, 'Bagagem de Mão', 84.04, 25.39, 7.18, 47.04),
(80, 139, 18799339259, 'Bagagem de Mão', 145.75, 135.06, 37.83, 75.87),
(81, 23, 41034569433, 'Bagagem de Mão', 87.56, 6.76, 44.64, 73.89),
(82, 106, 34318638195, 'Despachada', 126.9, 136.2, 13.02, 88.54),
(83, 17, 65259645511, 'Bagagem de Mão', 113.78, 115.66, 43.74, 56.08),
(84, 4, 99730846569, 'Bagagem de Mão', 82.42, 99.83, 39.99, 85.31),
(85, 91, 12883770265, 'Item Pessoal', 74.03, 62.32, 136.5, 42.26),
(86, 94, 20744033864, 'Despachada', 149.76, 12.06, 105.04, 75.66),
(87, 36, 31520459657, 'Bagagem de Mão', 86.35, 40.84, 143.01, 9.77),
(88, 29, 71182610482, 'Bagagem de Mão', 146.36, 98.17, 88.37, 59.09),
(89, 138, 52593366372, 'Despachada', 3.94, 80.71, 68.09, 93.73),
(90, 62, 45161744452, 'Bagagem de Mão', 6.58, 56.1, 27.96, 88.37),
(91, 114, 67479015148, 'Item Pessoal', 135.93, 115.18, 91.02, 44.23),
(92, 3, 91572926346, 'Bagagem de Mão', 88.87, 146.15, 12.26, 41.03),
(93, 77, 1186203327, 'Item Pessoal', 64.57, 121.57, 136.06, 49.21),
(94, 123, 99153222986, 'Bagagem de Mão', 125.05, 91.8, 54.99, 87.04),
(95, 57, 93347682220, 'Despachada', 48.83, 83.5, 111.91, 94.8),
(96, 44, 59486891440, 'Bagagem de Mão', 39.01, 16.3, 123.68, 71.09),
(97, 8, 86779095522, 'Despachada', 8.49, 146.8, 36.26, 85.22),
(98, 116, 45161744452, 'Item Pessoal', 10.97, 148.42, 2.83, 96.28),
(99, 64, 62340862129, 'Despachada', 54.91, 143.19, 93.75, 9.16),
(100, 120, 27933100527, 'Bagagem de Mão', 131.1, 40.06, 37.58, 30.03),
(101, 29, 71182610482, 'Item Pessoal', 59.95, 25.8, 3.57, 34.81),
(102, 100, 38224491775, 'Bagagem de Mão', 41.8, 147.52, 33.14, 13.76),
(103, 35, 82334937207, 'Item Pessoal', 71.5, 7.26, 42.67, 61.68),
(104, 33, 41786891718, 'Item Pessoal', 28.82, 14.87, 30.8, 32.88),
(105, 96, 40279304364, 'Bagagem de Mão', 119.01, 41.39, 80.96, 51.58),
(106, 48, 98585010851, 'Despachada', 147.68, 69.65, 65.4, 39.58),
(107, 1, 70415768034, 'Despachada', 149.33, 67.21, 114.11, 73.87),
(108, 103, 35329311576, 'Item Pessoal', 51.48, 27.7, 55.84, 40.63),
(109, 82, 74369107015, 'Bagagem de Mão', 54.83, 36.06, 39.79, 57.31),
(110, 74, 75819330255, 'Item Pessoal', 62.08, 69.09, 92.67, 76.91),
(111, 122, 26662077871, 'Despachada', 104.41, 141.13, 5.58, 84.87),
(112, 120, 27933100527, 'Despachada', 1.05, 55.75, 49.65, 98.41),
(113, 118, 78588259481, 'Item Pessoal', 73.4, 146.65, 106.13, 96.0),
(114, 47, 17966998543, 'Despachada', 119.43, 100.46, 101.94, 27.64),
(115, 14, 38172590235, 'Despachada', 112.31, 147.22, 49.66, 38.44),
(116, 97, 36769282944, 'Item Pessoal', 45.56, 2.94, 30.42, 38.22),
(117, 73, 18595482557, 'Item Pessoal', 113.33, 0.69, 146.73, 65.97),
(118, 19, 30032827676, 'Bagagem de Mão', 98.4, 25.4, 133.9, 63.1),
(119, 122, 26662077871, 'Despachada', 51.18, 31.65, 10.58, 47.11),
(120, 122, 26662077871, 'Despachada', 122.85, 82.52, 23.77, 87.81),
(121, 79, 27206114815, 'Item Pessoal', 13.15, 28.25, 44.44, 54.1),
(122, 145, 16568871759, 'Bagagem de Mão', 51.8, 4.42, 93.61, 77.1),
(123, 9, 93031913039, 'Despachada', 114.03, 36.99, 137.86, 42.0),
(124, 25, 81475520864, 'Item Pessoal', 10.29, 81.22, 48.54, 57.97),
(125, 137, 8240506682, 'Despachada', 138.6, 145.8, 112.68, 57.99),
(126, 120, 27933100527, 'Despachada', 16.79, 65.71, 137.08, 73.33),
(127, 90, 4850446646, 'Item Pessoal', 48.46, 69.35, 18.38, 14.31),
(128, 22, 17584746212, 'Item Pessoal', 126.27, 80.4, 83.52, 4.54),
(129, 128, 99153222986, 'Despachada', 35.04, 61.64, 13.27, 55.26),
(130, 3, 91572926346, 'Item Pessoal', 55.78, 87.32, 73.54, 39.2),
(131, 145, 16568871759, 'Bagagem de Mão', 76.64, 91.78, 10.26, 25.64),
(132, 95, 87544641052, 'Item Pessoal', 67.28, 131.32, 73.99, 84.29),
(133, 149, 18595482557, 'Item Pessoal', 135.4, 136.91, 24.23, 71.51),
(134, 92, 75609340767, 'Bagagem de Mão', 71.51, 145.64, 123.42, 76.94),
(135, 147, 63992259926, 'Despachada', 119.97, 74.35, 38.73, 51.35),
(136, 141, 37473683327, 'Item Pessoal', 26.09, 122.29, 79.18, 90.06),
(137, 9, 93031913039, 'Despachada', 49.54, 143.88, 30.05, 98.71),
(138, 97, 36769282944, 'Item Pessoal', 52.12, 64.39, 47.75, 78.29),
(139, 43, 89972747497, 'Bagagem de Mão', 137.79, 98.26, 94.02, 12.42),
(140, 48, 98585010851, 'Despachada', 13.67, 38.12, 62.44, 40.37),
(141, 143, 3519541782, 'Bagagem de Mão', 115.43, 14.18, 77.86, 46.17),
(142, 110, 45161744452, 'Despachada', 93.08, 32.25, 7.5, 3.82),
(143, 72, 7764197891, 'Despachada', 64.12, 68.94, 122.81, 9.6),
(144, 133, 11792300251, 'Item Pessoal', 35.7, 106.28, 95.0, 70.51),
(145, 124, 34548384213, 'Item Pessoal', 116.64, 25.03, 21.21, 81.46),
(146, 17, 65259645511, 'Bagagem de Mão', 107.21, 138.1, 63.03, 71.96),
(147, 98, 38172590235, 'Despachada', 14.1, 20.62, 101.13, 75.9),
(148, 105, 12883770265, 'Despachada', 27.87, 68.61, 122.28, 53.5),
(149, 21, 90637236736, 'Bagagem de Mão', 47.38, 119.54, 144.18, 10.37);

INSERT INTO PAGAMENTO (IdPagamento, Pagamento_Reserva_IdReserva, Pagamento_Reserva_CPF_P, Status, Metodo_Pagamento, Valor, Data_Pagamento) VALUES
(0, 47, 17966998543, 'Confirmado', 'PayPal', 14056.29, '2017-01-16'),
(2, 45, 9631398274, 'Cancelado', 'Cartão de Débito', 474.69, '2006-03-13'),
(3, 37, 62340862129, 'Pendente', 'Cartão de Crédito', 10095.93, '2022-12-27'),
(4, 13, 15825904300, 'Cancelado', 'PayPal', 17834.76, '2008-11-16'),
(5, 23, 41034569433, 'Confirmado', 'Boleto', 12114.02, '2010-04-25'),
(7, 25, 81475520864, 'Confirmado', 'Boleto', 10302.99, '2003-10-18'),
(13, 42, 73548251012, 'Cancelado', 'PayPal', 7470.21, '2018-09-02'),
(14, 58, 16568871759, 'Pendente', 'PayPal', 6188.58, '2004-09-22'),
(16, 139, 18799339259, 'Cancelado', 'Boleto', 1280.83, '2022-01-11'),
(17, 69, 26721764240, 'Pendente', 'PayPal', 16515.46, '2018-07-18'),
(18, 118, 78588259481, 'Confirmado', 'Cartão de Crédito', 14994.31, '2012-12-31'),
(19, 49, 69250518693, 'Cancelado', 'Boleto', 13301.62, '2014-01-18'),
(21, 61, 55113538864, 'Confirmado', 'Pix', 2016.07, '2021-02-11'),
(23, 99, 28356327572, 'Pendente', 'Cartão de Crédito', 2866.5, '2024-05-12'),
(25, 11, 38184222447, 'Confirmado', 'PayPal', 17927.24, '2015-06-08'),
(26, 51, 41786891718, 'Pendente', 'PayPal', 12298.85, '2005-09-23'),
(28, 68, 56572693680, 'Cancelado', 'PayPal', 17916.82, '2020-09-01'),
(30, 103, 35329311576, 'Pendente', 'Boleto', 14086.34, '2015-08-27'),
(31, 70, 58003427559, 'Cancelado', 'Pix', 10753.9, '2007-08-24'),
(32, 12, 99730846569, 'Cancelado', 'PayPal', 8733.24, '2011-06-20'),
(35, 52, 83802225593, 'Cancelado', 'Cartão de Crédito', 2710.84, '2002-03-13'),
(36, 113, 62340862129, 'Pendente', 'Cartão de Débito', 2643.95, '2012-12-06'),
(38, 90, 4850446646, 'Cancelado', 'Boleto', 18096.04, '2013-07-23'),
(39, 119, 9778911061, 'Confirmado', 'Cartão de Crédito', 2820.93, '2008-12-19'),
(40, 37, 62340862129, 'Cancelado', 'Cartão de Crédito', 19110.19, '2017-12-24'),
(41, 79, 27206114815, 'Cancelado', 'Boleto', 467.81, '2004-08-12'),
(45, 138, 52593366372, 'Cancelado', 'Pix', 18298.89, '2008-06-04'),
(46, 75, 9778911061, 'Cancelado', 'Boleto', 12337.69, '2009-02-08'),
(48, 125, 30032827676, 'Pendente', 'Boleto', 4625.74, '2022-09-03'),
(49, 48, 98585010851, 'Confirmado', 'Cartão de Crédito', 16298.71, '2006-11-02'),
(51, 103, 35329311576, 'Pendente', 'PayPal', 11683.93, '2023-10-23'),
(52, 134, 90645863415, 'Confirmado', 'PayPal', 8645.5, '2015-12-27'),
(57, 95, 87544641052, 'Cancelado', 'Boleto', 14466.56, '2005-12-15'),
(58, 6, 55175245067, 'Pendente', 'Pix', 7175.64, '2017-05-20'),
(59, 80, 52737509685, 'Confirmado', 'Boleto', 11896.59, '2009-01-20'),
(61, 72, 7764197891, 'Cancelado', 'Pix', 19368.01, '2004-12-09'),
(63, 49, 69250518693, 'Pendente', 'Boleto', 14312.5, '2000-01-31'),
(64, 85, 71182610482, 'Cancelado', 'Boleto', 8013.44, '2020-02-17'),
(67, 4, 99730846569, 'Pendente', 'Cartão de Crédito', 10639.03, '2021-02-11'),
(68, 90, 4850446646, 'Cancelado', 'Boleto', 8939.0, '2000-01-16'),
(69, 35, 82334937207, 'Cancelado', 'Cartão de Débito', 1426.81, '2017-02-13'),
(70, 53, 67479015148, 'Pendente', 'PayPal', 694.64, '2018-01-20'),
(73, 63, 99653630659, 'Cancelado', 'Cartão de Crédito', 1372.11, '2002-04-16'),
(75, 51, 41786891718, 'Cancelado', 'PayPal', 13251.4, '2003-05-17'),
(76, 112, 77264893296, 'Pendente', 'Cartão de Débito', 7348.52, '2014-01-07'),
(78, 6, 55175245067, 'Confirmado', 'Cartão de Débito', 10088.95, '2001-09-10'),
(79, 78, 99818140024, 'Confirmado', 'PayPal', 8598.0, '2014-05-11'),
(82, 9, 93031913039, 'Cancelado', 'Boleto', 17508.56, '2006-09-06'),
(83, 122, 26662077871, 'Confirmado', 'Boleto', 15673.82, '2015-01-10'),
(87, 141, 37473683327, 'Cancelado', 'PayPal', 3735.54, '2008-07-06'),
(88, 98, 38172590235, 'Pendente', 'Boleto', 8669.68, '2010-07-02'),
(89, 8, 86779095522, 'Cancelado', 'Pix', 18676.82, '2003-11-28'),
(91, 135, 70871756876, 'Confirmado', 'PayPal', 16893.71, '2006-09-15'),
(92, 86, 73502008739, 'Pendente', 'Pix', 12331.2, '2020-12-24'),
(93, 2, 47302568048, 'Cancelado', 'PayPal', 1741.92, '2011-02-05'),
(94, 31, 61097927445, 'Confirmado', 'PayPal', 7105.61, '2020-04-05'),
(96, 41, 52593366372, 'Pendente', 'PayPal', 1777.66, '2005-03-29'),
(98, 38, 59486891440, 'Pendente', 'Boleto', 13361.96, '2019-01-12'),
(99, 149, 18595482557, 'Confirmado', 'Cartão de Crédito', 3273.55, '2013-03-11'),
(100, 65, 16568871759, 'Cancelado', 'Cartão de Crédito', 8666.48, '2016-11-11'),
(101, 66, 37473683327, 'Confirmado', 'Cartão de Crédito', 241.75, '2017-01-27'),
(102, 112, 77264893296, 'Pendente', 'Cartão de Débito', 18761.95, '2009-05-11'),
(103, 80, 52737509685, 'Pendente', 'Cartão de Crédito', 6847.67, '2015-04-13'),
(104, 130, 69250518693, 'Pendente', 'Boleto', 18753.72, '2013-03-08'),
(105, 74, 75819330255, 'Confirmado', 'Boleto', 8225.45, '2005-04-17'),
(106, 36, 31520459657, 'Confirmado', 'PayPal', 18522.42, '2018-06-20'),
(108, 116, 45161744452, 'Confirmado', 'Boleto', 18677.52, '2016-06-01'),
(110, 62, 45161744452, 'Pendente', 'Cartão de Crédito', 15479.47, '2014-03-04'),
(111, 66, 37473683327, 'Confirmado', 'Boleto', 7584.01, '2023-02-28'),
(112, 36, 31520459657, 'Cancelado', 'Pix', 15222.28, '2004-04-13'),
(114, 106, 34318638195, 'Pendente', 'Cartão de Crédito', 9687.27, '2023-06-07'),
(115, 24, 11792300251, 'Pendente', 'Boleto', 5963.89, '2012-01-21'),
(116, 137, 8240506682, 'Pendente', 'Cartão de Crédito', 12769.14, '2013-08-07'),
(118, 72, 7764197891, 'Confirmado', 'Pix', 17826.8, '2012-08-19'),
(119, 16, 2171000190, 'Cancelado', 'PayPal', 13298.29, '2013-10-18'),
(120, 143, 3519541782, 'Pendente', 'Cartão de Débito', 10241.99, '2000-06-05'),
(123, 73, 18595482557, 'Confirmado', 'Boleto', 2235.44, '2003-05-17'),
(125, 0, 24800949300, 'Confirmado', 'PayPal', 17017.95, '2002-12-21'),
(127, 88, 90637236736, 'Confirmado', 'Pix', 17893.65, '2012-03-26'),
(129, 138, 52593366372, 'Cancelado', 'Cartão de Débito', 13257.51, '2004-12-24'),
(130, 66, 37473683327, 'Pendente', 'Boleto', 2662.07, '2006-04-25'),
(132, 43, 89972747497, 'Cancelado', 'Boleto', 6415.31, '2010-07-05'),
(133, 17, 65259645511, 'Pendente', 'PayPal', 895.72, '2003-10-19'),
(134, 64, 62340862129, 'Pendente', 'Cartão de Crédito', 2386.08, '2000-12-29'),
(138, 140, 90637236736, 'Cancelado', 'Boleto', 12516.67, '2004-06-22'),
(139, 4, 99730846569, 'Pendente', 'PayPal', 12932.67, '2021-06-27'),
(140, 56, 30264683109, 'Pendente', 'PayPal', 14996.24, '2005-07-09'),
(141, 70, 58003427559, 'Pendente', 'Pix', 4762.7, '2005-11-09'),
(142, 85, 71182610482, 'Pendente', 'Cartão de Crédito', 3927.39, '2015-05-01'),
(144, 141, 37473683327, 'Pendente', 'Boleto', 6728.06, '2000-08-17'),
(147, 18, 70415768034, 'Confirmado', 'Boleto', 5724.96, '2012-06-28'),
(148, 61, 55113538864, 'Pendente', 'Pix', 7999.97, '2012-02-02');